-- phpMyAdmin SQL Dump
-- version 4.5.1
-- http://www.phpmyadmin.net
--
-- Host: 127.0.0.1
-- Generation Time: Jul 01, 2017 at 03:06 PM
-- Server version: 10.1.9-MariaDB
-- PHP Version: 5.5.30

SET SQL_MODE = "NO_AUTO_VALUE_ON_ZERO";
SET time_zone = "+00:00";


/*!40101 SET @OLD_CHARACTER_SET_CLIENT=@@CHARACTER_SET_CLIENT */;
/*!40101 SET @OLD_CHARACTER_SET_RESULTS=@@CHARACTER_SET_RESULTS */;
/*!40101 SET @OLD_COLLATION_CONNECTION=@@COLLATION_CONNECTION */;
/*!40101 SET NAMES utf8mb4 */;

--
-- Database: `cp724538_nagieosinfo`
--

-- --------------------------------------------------------

--
-- Table structure for table `tb_cs_bank`
--

CREATE TABLE `tb_cs_bank` (
  `i_bank` int(10) NOT NULL,
  `i_ref` int(10) NOT NULL,
  `s_bank_no` varchar(20) NOT NULL,
  `s_bank_name_th` varchar(100) NOT NULL,
  `s_bank_name_en` varchar(100) NOT NULL,
  `f_amount_base` float NOT NULL,
  `d_create` datetime NOT NULL,
  `d_update` datetime NOT NULL,
  `s_create_by` varchar(50) NOT NULL,
  `s_update_by` varchar(50) NOT NULL,
  `s_status` varchar(10) NOT NULL
) ENGINE=InnoDB DEFAULT CHARSET=utf8;

--
-- Dumping data for table `tb_cs_bank`
--

INSERT INTO `tb_cs_bank` (`i_bank`, `i_ref`, `s_bank_no`, `s_bank_name_th`, `s_bank_name_en`, `f_amount_base`, `d_create`, `d_update`, `s_create_by`, `s_update_by`, `s_status`) VALUES
(1, 3, '2-356-62572-3', 'มานพ สิงโต', 'MANOP SINGTO', 200000, '2017-04-09 00:00:00', '2017-06-23 19:53:57', 'ADM', 'admin', 'A'),
(3, 2, '2-536-52572-3', 'เพ็ญศรี มาดี', 'PENSRI MADEE', 200000, '2017-04-09 00:00:00', '2017-06-23 19:54:07', 'ADM', 'admin', 'A'),
(7, 1, '9-657-88562-3', 'TONGDEE FUNKAW', 'ทองดี ฟันขาว', 200000, '0000-00-00 00:00:00', '2017-06-23 19:53:35', 'ADM', 'admin', 'A'),
(8, 5, '8-546-55224-7', 'กาญญรัตร สีพิรม', 'kanyarat sripirom', 200000, '2017-05-06 15:53:12', '2017-06-23 19:53:46', 'admin', 'admin', 'A');

-- --------------------------------------------------------

--
-- Table structure for table `tb_cs_chanel`
--

CREATE TABLE `tb_cs_chanel` (
  `i_chanel` int(10) NOT NULL,
  `s_detail_th` varchar(100) NOT NULL,
  `s_detail_en` varchar(100) NOT NULL,
  `s_img` varchar(100) NOT NULL,
  `d_create` datetime NOT NULL,
  `d_update` datetime NOT NULL,
  `s_create_by` varchar(50) NOT NULL,
  `s_update_by` varchar(50) NOT NULL,
  `s_status` varchar(10) NOT NULL
) ENGINE=InnoDB DEFAULT CHARSET=utf8;

--
-- Dumping data for table `tb_cs_chanel`
--

INSERT INTO `tb_cs_chanel` (`i_chanel`, `s_detail_th`, `s_detail_en`, `s_img`, `d_create`, `d_update`, `s_create_by`, `s_update_by`, `s_status`) VALUES
(1, 'ตู้เอทีเอ็ม', 'ATM', 'atm.png', '2017-04-09 00:00:00', '2017-04-09 00:00:00', 'ADM', 'ADM', 'A'),
(2, 'อินเตอร์เน็ต แบงค์กิ้ง', 'Internet Banking', 'internet-banking.png', '2017-04-09 00:00:00', '2017-04-09 00:00:00', 'ADM', 'ADM', 'A');

-- --------------------------------------------------------

--
-- Table structure for table `tb_cs_contact`
--

CREATE TABLE `tb_cs_contact` (
  `i_id` int(10) NOT NULL,
  `s_name` varchar(50) NOT NULL,
  `s_subject` varchar(100) NOT NULL,
  `s_detail` text NOT NULL,
  `d_create` datetime NOT NULL,
  `d_update` datetime NOT NULL,
  `s_create_by` varchar(50) NOT NULL,
  `s_update_by` varchar(50) NOT NULL,
  `s_status` varchar(10) NOT NULL
) ENGINE=InnoDB DEFAULT CHARSET=utf8;

-- --------------------------------------------------------

--
-- Table structure for table `tb_cs_dp`
--

CREATE TABLE `tb_cs_dp` (
  `i_dp` int(10) NOT NULL,
  `s_username` varchar(50) NOT NULL,
  `s_firstname` varchar(50) NOT NULL,
  `s_phone` varchar(50) NOT NULL,
  `f_amount` float NOT NULL,
  `f_bonus` float NOT NULL,
  `f_total` float NOT NULL,
  `s_security` varchar(10) NOT NULL,
  `d_dp_date` date NOT NULL,
  `d_dp_time` time NOT NULL,
  `i_chanel` int(10) NOT NULL,
  `i_bank` int(11) NOT NULL,
  `i_promotion` int(10) NOT NULL,
  `i_web` int(11) NOT NULL,
  `i_game` int(11) NOT NULL,
  `f_special_bonus` float NOT NULL,
  `s_img` varchar(100) NOT NULL,
  `s_ref_deposit` varchar(50) NOT NULL,
  `s_first_deposit` varchar(10) NOT NULL DEFAULT 'N',
  `d_create` datetime NOT NULL,
  `d_update` datetime NOT NULL,
  `s_create_by` varchar(50) NOT NULL,
  `s_update_by` varchar(50) NOT NULL,
  `s_status` varchar(10) NOT NULL
) ENGINE=InnoDB DEFAULT CHARSET=utf8;

--
-- Dumping data for table `tb_cs_dp`
--

INSERT INTO `tb_cs_dp` (`i_dp`, `s_username`, `s_firstname`, `s_phone`, `f_amount`, `f_bonus`, `f_total`, `s_security`, `d_dp_date`, `d_dp_time`, `i_chanel`, `i_bank`, `i_promotion`, `i_web`, `i_game`, `f_special_bonus`, `s_img`, `s_ref_deposit`, `s_first_deposit`, `d_create`, `d_update`, `s_create_by`, `s_update_by`, `s_status`) VALUES
(1, 'nag', '', '', 30000, 2000, 32000, '', '2017-06-23', '19:54:00', 0, 1, 4, 1, 1, 0, '', '', 'N', '2017-06-23 19:54:31', '2017-06-23 19:54:31', 'admin', 'admin', 'APPR');

-- --------------------------------------------------------

--
-- Table structure for table `tb_cs_excel`
--

CREATE TABLE `tb_cs_excel` (
  `i_running` int(11) NOT NULL,
  `s_date_range` varchar(100) NOT NULL,
  `s_type` varchar(100) NOT NULL,
  `s_user` varchar(100) NOT NULL,
  `f_turnover` float NOT NULL
) ENGINE=InnoDB DEFAULT CHARSET=utf8;

--
-- Dumping data for table `tb_cs_excel`
--

INSERT INTO `tb_cs_excel` (`i_running`, `s_date_range`, `s_type`, `s_user`, `f_turnover`) VALUES
(1, '(4/1/2017 ~ 4/30/2017)', 'Sports', 'zim2200006', 11815),
(2, '(4/1/2017 ~ 4/30/2017)', 'Sports', 'zim2200010', 59610),
(3, '(4/1/2017 ~ 4/30/2017)', 'Sports', 'zim2200011', 109602),
(4, '(4/1/2017 ~ 4/30/2017)', 'Sports', 'zim2200023', 255),
(5, '(4/1/2017 ~ 4/30/2017)', 'Sports', 'zim2200025', 478),
(6, '(4/1/2017 ~ 4/30/2017)', 'Sports', 'zim2200032', 781328),
(7, '(4/1/2017 ~ 4/30/2017)', 'Sports', 'zim2200041', 920800),
(8, '(4/1/2017 ~ 4/30/2017)', 'Sports', 'zim2200042', 512629),
(9, '(4/1/2017 ~ 4/30/2017)', 'Sports', 'zim2200043', 119618),
(10, '(4/1/2017 ~ 4/30/2017)', 'Sports', 'zim2200044', 10937),
(11, '(4/1/2017 ~ 4/30/2017)', 'Sports', 'zim2200045', 275616),
(12, '(4/1/2017 ~ 4/30/2017)', 'Sports', 'zim2200048', 8113),
(13, '(4/1/2017 ~ 4/30/2017)', 'Sports', 'zim2200049', 6550),
(14, '(4/1/2017 ~ 4/30/2017)', 'Sports', 'zim2200050', 21107),
(15, '(4/1/2017 ~ 4/30/2017)', 'Sports', 'zim2200052', 1221),
(16, '(4/1/2017 ~ 4/30/2017)', 'Sports', 'zim2200054', 405),
(17, '(4/1/2017 ~ 4/30/2017)', 'Sports', 'zim2200060', 3749),
(18, '(4/1/2017 ~ 4/30/2017)', 'Sports', 'zim2200064', 86182),
(19, '(4/1/2017 ~ 4/30/2017)', 'Sports', 'zim2200070', 3100),
(20, '(4/1/2017 ~ 4/30/2017)', 'Sports', 'zim2200072', 463),
(21, '(4/1/2017 ~ 4/30/2017)', 'Sports', 'zim2200075', 19077),
(22, '(4/1/2017 ~ 4/30/2017)', 'Sports', 'zim2200076', 13040),
(23, '(4/1/2017 ~ 4/30/2017)', 'Sports', 'zim2200079', 32542),
(24, '(4/1/2017 ~ 4/30/2017)', 'Sports', 'zim2200092', 14661),
(25, '(4/1/2017 ~ 4/30/2017)', 'Sports', 'zim2200097', 19645),
(26, '(4/1/2017 ~ 4/30/2017)', 'Sports', 'zim2200108', 416624),
(27, '(4/1/2017 ~ 4/30/2017)', 'Sports', 'zim2200123', 300),
(28, '(4/1/2017 ~ 4/30/2017)', 'Sports', 'zim2200127', 4613),
(29, '(4/1/2017 ~ 4/30/2017)', 'Sports', 'zim2200130', 42817),
(30, '(4/1/2017 ~ 4/30/2017)', 'Sports', 'zim2200139', 1760),
(31, '(4/1/2017 ~ 4/30/2017)', 'Sports', 'zim2200142', 12842),
(32, '(4/1/2017 ~ 4/30/2017)', 'Sports', 'zim2200144', 4109),
(33, '(4/1/2017 ~ 4/30/2017)', 'Sports', 'zim2200146', 160880),
(34, '(4/1/2017 ~ 4/30/2017)', 'Sports', 'zim2200149', 18289),
(35, '(4/1/2017 ~ 4/30/2017)', 'Sports', 'zim2200155', 57346),
(36, '(4/1/2017 ~ 4/30/2017)', 'Sports', 'zim2200161', 400),
(37, '(4/1/2017 ~ 4/30/2017)', 'Sports', 'zim2200162', 65840),
(38, '(4/1/2017 ~ 4/30/2017)', 'Sports', 'zim2200166', 2200),
(39, '(4/1/2017 ~ 4/30/2017)', 'Sports', 'zim2200168', 151341),
(40, '(4/1/2017 ~ 4/30/2017)', 'Sports', 'zim2200175', 1013),
(41, '(4/1/2017 ~ 4/30/2017)', 'Sports', 'zim2200183', 17238),
(42, '(4/1/2017 ~ 4/30/2017)', 'Sports', 'zim2200188', 8500),
(43, '(4/1/2017 ~ 4/30/2017)', 'Sports', 'zim2200193', 68443),
(44, '(4/1/2017 ~ 4/30/2017)', 'Sports', 'zim2200195', 2000),
(45, '(4/1/2017 ~ 4/30/2017)', 'Sports', 'zim2200209', 61586),
(46, '(4/1/2017 ~ 4/30/2017)', 'Sports', 'zim2200216', 142933),
(47, '(4/1/2017 ~ 4/30/2017)', 'Sports', 'zim2200230', 653),
(48, '(4/1/2017 ~ 4/30/2017)', 'Sports', 'zim2200241', 1500),
(49, '(4/1/2017 ~ 4/30/2017)', 'Sports', 'zim2200242', 146772),
(50, '(4/1/2017 ~ 4/30/2017)', 'Sports', 'zim2200243', 9682),
(51, '(4/1/2017 ~ 4/30/2017)', 'Sports', 'zim2200255', 57648),
(52, '(4/1/2017 ~ 4/30/2017)', 'Sports', 'zim2200262', 48230),
(53, '(4/1/2017 ~ 4/30/2017)', 'Sports', 'zim2200277', 82323),
(54, '(4/1/2017 ~ 4/30/2017)', 'Sports', 'zim2200284', 101630),
(55, '(4/1/2017 ~ 4/30/2017)', 'Sports', 'zim2200287', 71602),
(56, '(4/1/2017 ~ 4/30/2017)', 'Sports', 'zim2200288', 257680),
(57, '(4/1/2017 ~ 4/30/2017)', 'Sports', 'zim2200296', 296),
(58, '(4/1/2017 ~ 4/30/2017)', 'Sports', 'zim2200298', 28837),
(59, '(4/1/2017 ~ 4/30/2017)', 'Sports', 'zim2200299', 334364),
(60, '(4/1/2017 ~ 4/30/2017)', 'Sports', 'zim2200302', 62567),
(61, '(4/1/2017 ~ 4/30/2017)', 'Sports', 'zim2200304', 131694),
(62, '(4/1/2017 ~ 4/30/2017)', 'Sports', 'zim2200305', 88773),
(63, '(4/1/2017 ~ 4/30/2017)', 'Sports', 'zim2200313', 22356),
(64, '(4/1/2017 ~ 4/30/2017)', 'Sports', 'zim2200315', 33741),
(65, '(4/1/2017 ~ 4/30/2017)', 'Sports', 'zim2200321', 5963),
(66, '(4/1/2017 ~ 4/30/2017)', 'Sports', 'zim2200322', 80798),
(67, '(4/1/2017 ~ 4/30/2017)', 'Sports', 'zim2200332', 88493),
(68, '(4/1/2017 ~ 4/30/2017)', 'Sports', 'SBO0012', 108070),
(69, '(4/1/2017 ~ 4/30/2017)', 'Sports', 'SBO0011', 400),
(70, '(4/1/2017 ~ 4/30/2017)', 'Sports', 'zim2200344', 6276),
(71, '(4/1/2017 ~ 4/30/2017)', 'Sports', 'zim2200355', 110488),
(72, '(4/1/2017 ~ 4/30/2017)', 'Sports', 'zim2200362', 1011),
(73, '(4/1/2017 ~ 4/30/2017)', 'Sports', 'zim2200364', 450),
(74, '(4/1/2017 ~ 4/30/2017)', 'Sports', 'zim2200368', 2321),
(75, '(4/1/2017 ~ 4/30/2017)', 'Sports', 'SBO0012', 42057),
(76, '(4/1/2017 ~ 4/30/2017)', 'Sports', 'zim2200375', 100),
(77, '(4/1/2017 ~ 4/30/2017)', 'Sports', 'zim2200385', 182064),
(78, '(4/1/2017 ~ 4/30/2017)', 'Sports', 'zim2200386', 3700),
(79, '(4/1/2017 ~ 4/30/2017)', 'Sports', 'zim2200388', 11916),
(80, '(4/1/2017 ~ 4/30/2017)', 'Sports', 'zim2200389', 1013),
(81, '(4/1/2017 ~ 4/30/2017)', 'Sports', 'zim2200391', 1000),
(82, '(4/1/2017 ~ 4/30/2017)', 'Sports', 'zim2200392', 36491),
(83, '(4/1/2017 ~ 4/30/2017)', 'Sports', 'zim2200393', 3060),
(84, '(4/1/2017 ~ 4/30/2017)', 'Sports', 'zim2200396', 13706),
(85, '(4/1/2017 ~ 4/30/2017)', 'Sports', 'SBO0010', 1004),
(86, '(4/1/2017 ~ 4/30/2017)', 'Sports', 'zim2200398', 33300),
(87, '(4/1/2017 ~ 4/30/2017)', 'Sports', 'zim2200400', 118497),
(88, '(4/1/2017 ~ 4/30/2017)', 'Sports', 'SBO0010', 1500),
(89, '(4/1/2017 ~ 4/30/2017)', 'Sports', 'zim2200407', 206),
(90, '(4/1/2017 ~ 4/30/2017)', 'Sports', 'zim2200412', 57859),
(91, '(4/1/2017 ~ 4/30/2017)', 'Sports', 'zim2200417', 14115),
(92, '(4/1/2017 ~ 4/30/2017)', 'Sports', 'zim2200419', 446558),
(93, '(4/1/2017 ~ 4/30/2017)', 'Sports', 'zim2200437', 1400),
(94, '(4/1/2017 ~ 4/30/2017)', 'Sports', 'zim2200446', 19342),
(95, '(4/1/2017 ~ 4/30/2017)', 'Sports', 'zim2200447', 19590),
(96, '(4/1/2017 ~ 4/30/2017)', 'Sports', 'zim2200449', 14996),
(97, '(4/1/2017 ~ 4/30/2017)', 'Sports', 'zim2200450', 63752),
(98, '(4/1/2017 ~ 4/30/2017)', 'Sports', 'zim2200454', 175486),
(99, '(4/1/2017 ~ 4/30/2017)', 'Sports', 'zim2200462', 209516),
(100, '(4/1/2017 ~ 4/30/2017)', 'Sports', 'zim2200463', 34298),
(101, '(4/1/2017 ~ 4/30/2017)', 'Sports', 'zim2200464', 1300),
(102, '(4/1/2017 ~ 4/30/2017)', 'Sports', 'zim2200465', 340898),
(103, '(4/1/2017 ~ 4/30/2017)', 'Sports', 'zim2200470', 790),
(104, '(4/1/2017 ~ 4/30/2017)', 'Sports', 'zim2200473', 996089),
(105, '(4/1/2017 ~ 4/30/2017)', 'Sports', 'zim2200474', 1602),
(106, '(4/1/2017 ~ 4/30/2017)', 'Sports', 'zim2200476', 28155),
(107, '(4/1/2017 ~ 4/30/2017)', 'Sports', 'zim2200477', 2663),
(108, '(4/1/2017 ~ 4/30/2017)', 'Sports', 'zim2200478', 4400),
(109, '(4/1/2017 ~ 4/30/2017)', 'Sports', 'zim2200482', 7252),
(110, '(4/1/2017 ~ 4/30/2017)', 'Sports', 'zim2200487', 894),
(111, '(4/1/2017 ~ 4/30/2017)', 'Sports', 'SBO005', 20707),
(112, '(4/1/2017 ~ 4/30/2017)', 'Sports', 'zim2200490', 101556),
(113, '(4/1/2017 ~ 4/30/2017)', 'Sports', 'zim2200497', 220725),
(114, '(4/1/2017 ~ 4/30/2017)', 'Sports', 'zim2200498', 480603),
(115, '(4/1/2017 ~ 4/30/2017)', 'Sports', 'zim2200499', 154342),
(116, '(4/1/2017 ~ 4/30/2017)', 'Sports', 'SBO005', 18933),
(117, '(4/1/2017 ~ 4/30/2017)', 'Sports', 'zim2200507', 126564),
(118, '(4/1/2017 ~ 4/30/2017)', 'Sports', 'zim2200508', 24911),
(119, '(4/1/2017 ~ 4/30/2017)', 'Sports', 'zim2200509', 53498),
(120, '(4/1/2017 ~ 4/30/2017)', 'Sports', 'zim2200512', 226820),
(121, '(4/1/2017 ~ 4/30/2017)', 'Sports', 'zim2200513', 2893840),
(122, '(4/1/2017 ~ 4/30/2017)', 'Sports', 'zim2200517', 500444),
(123, '(4/1/2017 ~ 4/30/2017)', 'Sports', 'zim2200519', 1766620),
(124, '(4/1/2017 ~ 4/30/2017)', 'Sports', 'zim2200520', 583),
(125, '(4/1/2017 ~ 4/30/2017)', 'Sports', 'zim2200521', 946238),
(126, '(4/1/2017 ~ 4/30/2017)', 'Sports', 'zim2200522', 2886110),
(127, '(4/1/2017 ~ 4/30/2017)', 'Sports', 'zim2200525', 128360),
(128, '(4/1/2017 ~ 4/30/2017)', 'Sports', 'zim2200526', 63208),
(129, '(4/1/2017 ~ 4/30/2017)', 'Sports', 'zim2200529', 228000),
(130, '(4/1/2017 ~ 4/30/2017)', 'Sports', 'zim2200531', 9819),
(131, '(4/1/2017 ~ 4/30/2017)', 'Sports', 'zim2200533', 37280),
(132, '(4/1/2017 ~ 4/30/2017)', 'Sports', 'zim2200536', 27105),
(133, '(4/1/2017 ~ 4/30/2017)', 'Sports', 'zim2200539', 77472),
(134, '(4/1/2017 ~ 4/30/2017)', 'Sports', 'zim2200542', 665),
(135, '(4/1/2017 ~ 4/30/2017)', 'Sports', 'zim2200544', 3374),
(136, '(4/1/2017 ~ 4/30/2017)', 'Sports', 'zim2200545', 284726),
(137, '(4/1/2017 ~ 4/30/2017)', 'Sports', 'zim2200546', 73218),
(138, '(4/1/2017 ~ 4/30/2017)', 'Sports', 'zim2200547', 50936),
(139, '(4/1/2017 ~ 4/30/2017)', 'Sports', 'zim2200548', 61237),
(140, '(4/1/2017 ~ 4/30/2017)', 'Sports', 'SBO002', 2500),
(141, '(4/1/2017 ~ 4/30/2017)', 'Sports', 'zim2200550', 45218),
(142, '(4/1/2017 ~ 4/30/2017)', 'Sports', 'SBO002', 309814),
(143, '(4/1/2017 ~ 4/30/2017)', 'Sports', 'zim2200552', 4038),
(144, '(4/1/2017 ~ 4/30/2017)', 'Sports', 'zim2200554', 6343),
(145, '(4/1/2017 ~ 4/30/2017)', 'Sports', 'zim2200556', 134060),
(146, '(4/1/2017 ~ 4/30/2017)', 'Sports', 'zim2200557', 48496),
(147, '(4/1/2017 ~ 4/30/2017)', 'Sports', 'zim2200558', 20562),
(148, '(4/1/2017 ~ 4/30/2017)', 'Sports', 'zim2200559', 128024),
(149, '(4/1/2017 ~ 4/30/2017)', 'Sports', 'zim2200560', 53585),
(150, '(4/1/2017 ~ 4/30/2017)', 'Sports', 'zim2200561', 23856),
(151, '(4/1/2017 ~ 4/30/2017)', 'Sports', 'SBO001', 20079),
(152, '(4/1/2017 ~ 4/30/2017)', 'Sports', 'SBO001', 125),
(153, '(4/1/2017 ~ 4/30/2017)', 'Sports', 'zim2200564', 508330),
(154, '(4/1/2017 ~ 4/30/2017)', 'Sports', 'zim2200565', 11605),
(155, '(4/1/2017 ~ 4/30/2017)', 'Sports', 'SBO001', 71078),
(156, '(4/1/2017 ~ 4/30/2017)', 'Sports', 'zim2200570', 15026),
(157, '(4/1/2017 ~ 4/30/2017)', 'Sports', 'zim2200571', 287206),
(158, '(4/1/2017 ~ 4/30/2017)', 'Sports', 'zim2200572', 432501),
(159, '(4/1/2017 ~ 4/30/2017)', 'Sports', 'zim2200574', 500),
(160, '(4/1/2017 ~ 4/30/2017)', 'Sports', 'zim2200575', 360718),
(161, '(4/1/2017 ~ 4/30/2017)', 'Sports', 'zim2200576', 282858),
(162, '(4/1/2017 ~ 4/30/2017)', 'Sports', 'zim2200577', 7424),
(163, '(4/1/2017 ~ 4/30/2017)', 'Sports', 'zim2200580', 34856),
(164, '(4/1/2017 ~ 4/30/2017)', 'Sports', 'zim2200583', 433),
(165, '(4/1/2017 ~ 4/30/2017)', 'Sports', 'SBO001', 64817),
(166, '(4/1/2017 ~ 4/30/2017)', 'Sports', 'zim2200588', 57442),
(167, '(4/1/2017 ~ 4/30/2017)', 'Sports', 'zim2200589', 1408100),
(168, '(4/1/2017 ~ 4/30/2017)', 'Sports', 'zim2200590', 2490),
(169, '(4/1/2017 ~ 4/30/2017)', 'Sports', 'zim2200592', 47852),
(170, '(4/1/2017 ~ 4/30/2017)', 'Sports', 'zim2200593', 15124),
(171, '(4/1/2017 ~ 4/30/2017)', 'Sports', 'zim2200594', 153017),
(172, '(4/1/2017 ~ 4/30/2017)', 'Sports', 'zim2200595', 55029),
(173, '(4/1/2017 ~ 4/30/2017)', 'Sports', 'SBO001', 177127),
(174, '(4/1/2017 ~ 4/30/2017)', 'Sports', 'zim2200597', 11047),
(175, '(4/1/2017 ~ 4/30/2017)', 'Sports', 'zim2200602', 189743),
(176, '(4/1/2017 ~ 4/30/2017)', 'Sports', 'SBO001', 10968),
(177, '(4/1/2017 ~ 4/30/2017)', 'Sports', 'zim2200606', 19939),
(178, '(4/1/2017 ~ 4/30/2017)', 'Sports', 'zim2200607', 11303),
(179, '(4/1/2017 ~ 4/30/2017)', 'Sports', 'zim2200609', 1753),
(180, '(4/1/2017 ~ 4/30/2017)', 'Sports', 'zim2200611', 1329),
(181, '(4/1/2017 ~ 4/30/2017)', 'Sports', 'zim2200612', 500),
(182, '(4/1/2017 ~ 4/30/2017)', 'Sports', 'SBO002', 14951),
(183, '(4/1/2017 ~ 4/30/2017)', 'Sports', 'zim2200616', 247272),
(184, '(4/1/2017 ~ 4/30/2017)', 'Sports', 'zim2200619', 6472),
(185, '(4/1/2017 ~ 4/30/2017)', 'Sports', 'SBO002', 9915),
(186, '(4/1/2017 ~ 4/30/2017)', 'Sports', 'zim2200621', 8663),
(187, '(4/1/2017 ~ 4/30/2017)', 'Sports', 'zim2200622', 170767),
(188, '(4/1/2017 ~ 4/30/2017)', 'Sports', 'zim2200626', 3157),
(189, '(4/1/2017 ~ 4/30/2017)', 'Sports', 'zim2200627', 12395),
(190, '(4/1/2017 ~ 4/30/2017)', 'Sports', 'zim2200628', 72337),
(191, '(4/1/2017 ~ 4/30/2017)', 'Sports', 'zim2200629', 63),
(192, '(4/1/2017 ~ 4/30/2017)', 'Sports', 'zim2200631', 1512),
(193, '(4/1/2017 ~ 4/30/2017)', 'Sports', 'zim2200633', 137718),
(194, '(4/1/2017 ~ 4/30/2017)', 'Sports', 'zim2200634', 256880),
(195, '(4/1/2017 ~ 4/30/2017)', 'Sports', 'zim2200635', 38245),
(196, '(4/1/2017 ~ 4/30/2017)', 'Sports', 'zim2200637', 32188),
(197, '(4/1/2017 ~ 4/30/2017)', 'Sports', 'zim2200638', 190953),
(198, '(4/1/2017 ~ 4/30/2017)', 'Sports', 'zim2200639', 470255),
(199, '(4/1/2017 ~ 4/30/2017)', 'Sports', 'zim2200642', 3466),
(200, '(4/1/2017 ~ 4/30/2017)', 'Sports', 'zim2200643', 35745),
(201, '(4/1/2017 ~ 4/30/2017)', 'Sports', 'zim2200645', 140758),
(202, '(4/1/2017 ~ 4/30/2017)', 'Sports', 'zim2200646', 88453),
(203, '(4/1/2017 ~ 4/30/2017)', 'Sports', 'zim2200650', 456774),
(204, '(4/1/2017 ~ 4/30/2017)', 'Sports', 'zim2200651', 28669),
(205, '(4/1/2017 ~ 4/30/2017)', 'Sports', 'zim2200652', 9714),
(206, '(4/1/2017 ~ 4/30/2017)', 'Sports', 'zim2200653', 21386),
(207, '(4/1/2017 ~ 4/30/2017)', 'Sports', 'zim2200654', 17772),
(208, '(4/1/2017 ~ 4/30/2017)', 'Sports', 'zim2200655', 66704),
(209, '(4/1/2017 ~ 4/30/2017)', 'Sports', 'zim2200656', 171111),
(210, '(4/1/2017 ~ 4/30/2017)', 'Sports', 'zim2200657', 2933),
(211, '(4/1/2017 ~ 4/30/2017)', 'Sports', 'zim2200659', 52744),
(212, '(4/1/2017 ~ 4/30/2017)', 'Sports', 'zim2200660', 387466),
(213, '(4/1/2017 ~ 4/30/2017)', 'Sports', 'zim2200662', 8372),
(214, '(4/1/2017 ~ 4/30/2017)', 'Sports', 'zim2200663', 113943),
(215, '(4/1/2017 ~ 4/30/2017)', 'Sports', 'zim2200664', 93865),
(216, '(4/1/2017 ~ 4/30/2017)', 'Sports', 'zim2200665', 1741),
(217, '(4/1/2017 ~ 4/30/2017)', 'Sports', 'zim2200666', 20313),
(218, '(4/1/2017 ~ 4/30/2017)', 'Sports', 'zim2200668', 50553),
(219, '(4/1/2017 ~ 4/30/2017)', 'Sports', 'zim2200669', 100),
(220, '(4/1/2017 ~ 4/30/2017)', 'Sports', 'zim2200674', 1508),
(221, '(4/1/2017 ~ 4/30/2017)', 'Sports', 'zim2200675', 239073),
(222, '(4/1/2017 ~ 4/30/2017)', 'Sports', 'zim2200676', 37750),
(223, '(4/1/2017 ~ 4/30/2017)', 'Sports', 'zim2200677', 71079),
(224, '(4/1/2017 ~ 4/30/2017)', 'Sports', 'zim2200678', 130980),
(225, '(4/1/2017 ~ 4/30/2017)', 'Sports', 'zim2200680', 11300),
(226, '(4/1/2017 ~ 4/30/2017)', 'Sports', 'zim2200681', 5458),
(227, '(4/1/2017 ~ 4/30/2017)', 'Sports', 'zim2200682', 2664),
(228, '(4/1/2017 ~ 4/30/2017)', 'Sports', 'zim2200683', 36947),
(229, '(4/1/2017 ~ 4/30/2017)', 'Sports', 'zim2200684', 7966),
(230, '(4/1/2017 ~ 4/30/2017)', 'Sports', 'zim2200685', 9795),
(231, '(4/1/2017 ~ 4/30/2017)', 'Sports', 'zim2200686', 8101),
(232, '(4/1/2017 ~ 4/30/2017)', 'Sports', 'zim2200687', 89537),
(233, '(4/1/2017 ~ 4/30/2017)', 'Sports', 'zim2200688', 4767),
(234, '(4/1/2017 ~ 4/30/2017)', 'Sports', 'zim2200690', 24710),
(235, '(4/1/2017 ~ 4/30/2017)', 'Sports', 'zim2200691', 17171),
(236, '(4/1/2017 ~ 4/30/2017)', 'Sports', 'zim2200692', 8540),
(237, '(4/1/2017 ~ 4/30/2017)', 'Sports', 'zim2200693', 45323),
(238, '(4/1/2017 ~ 4/30/2017)', 'Sports', 'zim2200694', 3600),
(239, '(4/1/2017 ~ 4/30/2017)', 'Sports', 'zim2200696', 7194),
(240, '(4/1/2017 ~ 4/30/2017)', 'Sports', 'zim2200697', 8869),
(241, '(4/1/2017 ~ 4/30/2017)', 'Sports', 'zim2200698', 1386),
(242, '(4/1/2017 ~ 4/30/2017)', 'Sports', 'zim2200699', 2915),
(243, '(4/1/2017 ~ 4/30/2017)', 'Sports', 'zim2200700', 67926),
(244, '(4/1/2017 ~ 4/30/2017)', 'Sports', 'zim2200702', 42497),
(245, '(4/1/2017 ~ 4/30/2017)', 'Sports', 'zim2200703', 2717),
(246, '(4/1/2017 ~ 4/30/2017)', 'Sports', 'zim2200704', 5134),
(247, '(4/1/2017 ~ 4/30/2017)', 'Sports', 'zim2200705', 24505),
(248, '(4/1/2017 ~ 4/30/2017)', 'Sports', 'zim2200706', 7480),
(249, '(4/1/2017 ~ 4/30/2017)', 'Sports', 'zim2200707', 1479),
(250, '(4/1/2017 ~ 4/30/2017)', 'Sports', 'zim2200708', 339290),
(251, '(4/1/2017 ~ 4/30/2017)', 'Sports', 'zim2200709', 11460),
(252, '(4/1/2017 ~ 4/30/2017)', 'Sports', 'zim2200710', 2130),
(253, '(4/1/2017 ~ 4/30/2017)', 'Sports', 'zim2200711', 31402),
(254, '(4/1/2017 ~ 4/30/2017)', 'Sports', 'zim2200713', 13130),
(255, '(4/1/2017 ~ 4/30/2017)', 'Sports', 'zim2200714', 17736),
(256, '(4/1/2017 ~ 4/30/2017)', 'Sports', 'zim2200715', 1763),
(257, '(4/1/2017 ~ 4/30/2017)', 'Sports', 'zim2200716', 15577),
(258, '(4/1/2017 ~ 4/30/2017)', 'Sports', 'zim2200717', 6640),
(259, '(4/1/2017 ~ 4/30/2017)', 'Sports', 'zim2200718', 22859),
(260, '(4/1/2017 ~ 4/30/2017)', 'Sports', 'zim2200719', 2225),
(261, '(4/1/2017 ~ 4/30/2017)', 'Sports', 'zim2200720', 108),
(262, '(4/1/2017 ~ 4/30/2017)', 'Sports', 'zim2200721', 30095),
(263, '(4/1/2017 ~ 4/30/2017)', 'Sports', 'zim2200722', 37030),
(264, '(4/1/2017 ~ 4/30/2017)', 'Sports', 'zim2200723', 350),
(265, '(4/1/2017 ~ 4/30/2017)', 'Sports', 'zim2200724', 92568),
(266, '(4/1/2017 ~ 4/30/2017)', 'Sports', 'zim2200725', 6676),
(267, '(4/1/2017 ~ 4/30/2017)', 'Sports', 'zim2200726', 1552),
(268, '(4/1/2017 ~ 4/30/2017)', 'Sports', 'zim2200727', 10123),
(269, '(4/1/2017 ~ 4/30/2017)', 'Sports', 'zim2200728', 38873),
(270, '(4/1/2017 ~ 4/30/2017)', 'Sports', 'zim2200729', 1266),
(271, '(4/1/2017 ~ 4/30/2017)', 'Sports', 'zim2200730', 3996),
(272, '(4/1/2017 ~ 4/30/2017)', 'Sports', 'zim2200731', 2173),
(273, '(4/1/2017 ~ 4/30/2017)', 'Sports', 'zim2200732', 15300),
(274, '(4/1/2017 ~ 4/30/2017)', 'Sports', 'zim2200733', 5894),
(275, '(4/1/2017 ~ 4/30/2017)', 'Sports', 'zim2200734', 100822),
(276, '(4/1/2017 ~ 4/30/2017)', 'Sports', 'zim2200735', 3068),
(277, '(4/1/2017 ~ 4/30/2017)', 'Sports', 'zim2200736', 19891),
(278, '(4/1/2017 ~ 4/30/2017)', 'Sports', 'zim2200737', 22124),
(279, '(4/1/2017 ~ 4/30/2017)', 'Sports', 'zim2200739', 43589),
(280, '(4/1/2017 ~ 4/30/2017)', 'Sports', 'zim2200740', 500),
(281, '(4/1/2017 ~ 4/30/2017)', 'Sports', 'zim2200741', 4827),
(282, '(4/1/2017 ~ 4/30/2017)', 'Sports', 'zim2200742', 7670),
(283, '(4/1/2017 ~ 4/30/2017)', 'Sports', 'zim2200743', 5603),
(284, '(4/1/2017 ~ 4/30/2017)', 'Sports', 'zim2200744', 1672),
(285, '(4/1/2017 ~ 4/30/2017)', 'Sports', 'zim2200745', 900),
(286, '(4/1/2017 ~ 4/30/2017)', 'Sports', 'zim2200746', 256230),
(287, '(4/1/2017 ~ 4/30/2017)', 'Sports', 'zim2200747', 5525),
(288, '(4/1/2017 ~ 4/30/2017)', 'Sports', 'zim2200748', 6300),
(289, '(4/1/2017 ~ 4/30/2017)', 'Sports', 'zim2200749', 8420),
(290, '(4/1/2017 ~ 4/30/2017)', 'Sports', 'zim2200750', 67387),
(291, '(4/1/2017 ~ 4/30/2017)', 'Sports', 'zim2200753', 400),
(292, '(4/1/2017 ~ 4/30/2017)', 'Sports', 'zim2200754', 16385),
(293, '(4/1/2017 ~ 4/30/2017)', 'Sports', 'zim2200755', 17605),
(294, '(4/1/2017 ~ 4/30/2017)', 'Sports', 'zim2200756', 1697),
(295, '(4/1/2017 ~ 4/30/2017)', 'Sports', 'zim2200757', 100),
(296, '(4/1/2017 ~ 4/30/2017)', 'Sports', 'zim2200758', 1725),
(297, '(4/1/2017 ~ 4/30/2017)', 'Sports', 'zim2200759', 32474),
(298, '(4/1/2017 ~ 4/30/2017)', 'Sports', 'zim2200760', 4213),
(299, '(4/1/2017 ~ 4/30/2017)', 'Sports', 'zim2200762', 3100),
(300, '(4/1/2017 ~ 4/30/2017)', 'Sports', 'zim2200763', 51833),
(301, '(4/1/2017 ~ 4/30/2017)', 'Sports', 'zim2200764', 20395),
(302, '(4/1/2017 ~ 4/30/2017)', 'Sports', 'zim2200765', 100),
(303, '(4/1/2017 ~ 4/30/2017)', 'Sports', 'zim2200767', 4323),
(304, '(4/1/2017 ~ 4/30/2017)', 'Sports', 'zim2200768', 7410),
(305, '(4/1/2017 ~ 4/30/2017)', 'Sports', 'zim2200770', 480),
(306, '(4/1/2017 ~ 4/30/2017)', 'Sports', 'zim2200771', 1861),
(307, '(4/1/2017 ~ 4/30/2017)', 'Sports', 'zim2200772', 72602),
(308, '(4/1/2017 ~ 4/30/2017)', 'Sports', 'zim2200773', 300),
(309, '(4/1/2017 ~ 4/30/2017)', 'Sports', 'zim2200775', 1924),
(310, '(4/1/2017 ~ 4/30/2017)', 'Sports', 'zim2200776', 900),
(311, '(4/1/2017 ~ 4/30/2017)', 'Sports', 'zim2200777', 2105),
(312, '(4/1/2017 ~ 4/30/2017)', 'Sports', 'zim2200778', 15274),
(313, '(4/1/2017 ~ 4/30/2017)', 'Sports', 'zim2200779', 3721),
(314, '(4/1/2017 ~ 4/30/2017)', 'Sports', 'zim2200780', 1632),
(315, '(4/1/2017 ~ 4/30/2017)', 'Sports', 'zim2200781', 3500),
(316, '(4/1/2017 ~ 4/30/2017)', 'Sports', 'zim2200783', 8300),
(317, '(4/1/2017 ~ 4/30/2017)', 'Sports', 'zim2200784', 2639),
(318, '(4/1/2017 ~ 4/30/2017)', 'Sports', 'zim2200786', 463),
(319, '(4/1/2017 ~ 4/30/2017)', 'Sports', 'zim2200787', 1318),
(320, '(4/1/2017 ~ 4/30/2017)', 'Sports', 'zim2200788', 164916),
(321, '(4/1/2017 ~ 4/30/2017)', 'Sports', 'zim2200789', 300),
(322, '(4/1/2017 ~ 4/30/2017)', 'Sports', 'zim2200790', 103943),
(323, '(4/1/2017 ~ 4/30/2017)', 'Sports', 'zim2200791', 57398),
(324, '(4/1/2017 ~ 4/30/2017)', 'Sports', 'zim2200792', 3700),
(325, '(4/1/2017 ~ 4/30/2017)', 'Sports', 'zim2200795', 7580),
(326, '(4/1/2017 ~ 4/30/2017)', 'Sports', 'zim2200796', 597825),
(327, '(4/1/2017 ~ 4/30/2017)', 'Sports', 'zim2200798', 8729),
(328, '(4/1/2017 ~ 4/30/2017)', 'Sports', 'zim2200799', 1842),
(329, '(4/1/2017 ~ 4/30/2017)', 'Sports', 'zim2200802', 562487),
(330, '(4/1/2017 ~ 4/30/2017)', 'Sports', 'zim2200803', 1517),
(331, '(4/1/2017 ~ 4/30/2017)', 'Sports', 'zim2200805', 100),
(332, '(4/1/2017 ~ 4/30/2017)', 'Sports', 'zim2200806', 4969),
(333, '(4/1/2017 ~ 4/30/2017)', 'Sports', 'zim2200807', 98648),
(334, '(4/1/2017 ~ 4/30/2017)', 'Sports', 'zim2200808', 42350),
(335, '(4/1/2017 ~ 4/30/2017)', 'Sports', 'zim2200809', 10450),
(336, '(4/1/2017 ~ 4/30/2017)', 'Sports', 'zim2200810', 3450),
(337, '(4/1/2017 ~ 4/30/2017)', 'Sports', 'zim2200811', 1504),
(338, '(4/1/2017 ~ 4/30/2017)', 'Sports', 'zim2200812', 300),
(339, '(4/1/2017 ~ 4/30/2017)', 'Sports', 'zim2200813', 2851),
(340, '(4/1/2017 ~ 4/30/2017)', 'Sports', 'zim2200815', 300),
(341, '(4/1/2017 ~ 4/30/2017)', 'Sports', 'zim2200816', 24578),
(342, '(4/1/2017 ~ 4/30/2017)', 'Sports', 'zim2200817', 67753),
(343, '(4/1/2017 ~ 4/30/2017)', 'Sports', 'zim2200818', 4500),
(344, '(4/1/2017 ~ 4/30/2017)', 'Sports', 'zim2200819', 1455),
(345, '(4/1/2017 ~ 4/30/2017)', 'Sports', 'zim2200820', 6586),
(346, '(4/1/2017 ~ 4/30/2017)', 'Sports', 'zim2200821', 7991),
(347, '(4/1/2017 ~ 4/30/2017)', 'Sports', 'zim2200822', 826),
(348, '(4/1/2017 ~ 4/30/2017)', 'Sports', 'zim2200824', 1409),
(349, '(4/1/2017 ~ 4/30/2017)', 'Sports', 'zim2200825', 17455),
(350, '(4/1/2017 ~ 4/30/2017)', 'Sports', 'zim2200826', 59566),
(351, '(4/1/2017 ~ 4/30/2017)', 'Sports', 'zim2200827', 180),
(352, '(4/1/2017 ~ 4/30/2017)', 'Sports', 'zim2200828', 35504),
(353, '(4/1/2017 ~ 4/30/2017)', 'Sports', 'zim2200829', 54444),
(354, '(4/1/2017 ~ 4/30/2017)', 'Sports', 'zim2200831', 12332),
(355, '(4/1/2017 ~ 4/30/2017)', 'Sports', 'zim2200833', 32900),
(356, '(4/1/2017 ~ 4/30/2017)', 'Sports', 'zim2200834', 26750),
(357, '(4/1/2017 ~ 4/30/2017)', 'Sports', 'zim2200835', 35374),
(358, '(4/1/2017 ~ 4/30/2017)', 'Sports', 'zim2200836', 200),
(359, '(4/1/2017 ~ 4/30/2017)', 'Sports', 'zim2200837', 3339),
(360, '(4/1/2017 ~ 4/30/2017)', 'Sports', 'zim2200838', 16215),
(361, '(4/1/2017 ~ 4/30/2017)', 'Sports', 'zim2200842', 3738),
(362, '(4/1/2017 ~ 4/30/2017)', 'Sports', 'zim2200843', 3031),
(363, '(4/1/2017 ~ 4/30/2017)', 'Sports', 'zim2200844', 1963),
(364, '(4/1/2017 ~ 4/30/2017)', 'Sports', 'zim2200845', 440),
(365, '(4/1/2017 ~ 4/30/2017)', 'Sports', 'zim2200847', 3639),
(366, '(4/1/2017 ~ 4/30/2017)', 'Sports', 'zim2200848', 13723),
(367, '(4/1/2017 ~ 4/30/2017)', 'Sports', 'zim2200849', 35596),
(368, '(4/1/2017 ~ 4/30/2017)', 'Sports', 'zim2200850', 3362),
(369, '(4/1/2017 ~ 4/30/2017)', 'Sports', 'zim2200851', 60176),
(370, '(4/1/2017 ~ 4/30/2017)', 'Sports', 'zim2200852', 200),
(371, '(4/1/2017 ~ 4/30/2017)', 'Sports', 'zim2200854', 3712),
(372, '(4/1/2017 ~ 4/30/2017)', 'Sports', 'zim2200855', 22948),
(373, '(4/1/2017 ~ 4/30/2017)', 'Sports', 'zim2200856', 27188),
(374, '(4/1/2017 ~ 4/30/2017)', 'Sports', 'zim2200857', 137),
(375, '(4/1/2017 ~ 4/30/2017)', 'Sports', 'zim2200858', 36829),
(376, '(4/1/2017 ~ 4/30/2017)', 'Sports', 'zim2200859', 200),
(377, '(4/1/2017 ~ 4/30/2017)', 'Sports', 'zim2200861', 1363),
(378, '(4/1/2017 ~ 4/30/2017)', 'Sports', 'zim2200862', 125),
(379, '(4/1/2017 ~ 4/30/2017)', 'Sports', 'zim2200863', 19540),
(380, '(4/1/2017 ~ 4/30/2017)', 'Live Casino & Casino Games', 'zim2200001', 168160),
(381, '(4/1/2017 ~ 4/30/2017)', 'Live Casino & Casino Games', 'zim2200011', 990220),
(382, '(4/1/2017 ~ 4/30/2017)', 'Live Casino & Casino Games', 'zim2200025', 3900),
(383, '(4/1/2017 ~ 4/30/2017)', 'Live Casino & Casino Games', 'zim2200040', 32137),
(384, '(4/1/2017 ~ 4/30/2017)', 'Live Casino & Casino Games', 'zim2200044', 190350),
(385, '(4/1/2017 ~ 4/30/2017)', 'Live Casino & Casino Games', 'zim2200045', 179860),
(386, '(4/1/2017 ~ 4/30/2017)', 'Live Casino & Casino Games', 'zim2200060', 19354),
(387, '(4/1/2017 ~ 4/30/2017)', 'Live Casino & Casino Games', 'zim2200070', 236),
(388, '(4/1/2017 ~ 4/30/2017)', 'Live Casino & Casino Games', 'zim2200076', 6946),
(389, '(4/1/2017 ~ 4/30/2017)', 'Live Casino & Casino Games', 'zim2200097', 19105),
(390, '(4/1/2017 ~ 4/30/2017)', 'Live Casino & Casino Games', 'zim2200142', 53621),
(391, '(4/1/2017 ~ 4/30/2017)', 'Live Casino & Casino Games', 'zim2200154', 54100),
(392, '(4/1/2017 ~ 4/30/2017)', 'Live Casino & Casino Games', 'zim2200158', 2406020),
(393, '(4/1/2017 ~ 4/30/2017)', 'Live Casino & Casino Games', 'zim2200166', 2552290),
(394, '(4/1/2017 ~ 4/30/2017)', 'Live Casino & Casino Games', 'zim2200168', 778100),
(395, '(4/1/2017 ~ 4/30/2017)', 'Live Casino & Casino Games', 'zim2200171', 568371),
(396, '(4/1/2017 ~ 4/30/2017)', 'Live Casino & Casino Games', 'zim2200183', 576130),
(397, '(4/1/2017 ~ 4/30/2017)', 'Live Casino & Casino Games', 'zim2200185', 12132),
(398, '(4/1/2017 ~ 4/30/2017)', 'Live Casino & Casino Games', 'zim2200188', 17636),
(399, '(4/1/2017 ~ 4/30/2017)', 'Live Casino & Casino Games', 'zim2200195', 149519),
(400, '(4/1/2017 ~ 4/30/2017)', 'Live Casino & Casino Games', 'zim2200214', 41325),
(401, '(4/1/2017 ~ 4/30/2017)', 'Live Casino & Casino Games', 'zim2200216', 6000),
(402, '(4/1/2017 ~ 4/30/2017)', 'Live Casino & Casino Games', 'zim2200230', 552),
(403, '(4/1/2017 ~ 4/30/2017)', 'Live Casino & Casino Games', 'zim2200233', 4),
(404, '(4/1/2017 ~ 4/30/2017)', 'Live Casino & Casino Games', 'zim2200236', 8270),
(405, '(4/1/2017 ~ 4/30/2017)', 'Live Casino & Casino Games', 'zim2200242', 4325),
(406, '(4/1/2017 ~ 4/30/2017)', 'Live Casino & Casino Games', 'zim2200243', 800),
(407, '(4/1/2017 ~ 4/30/2017)', 'Live Casino & Casino Games', 'zim2200244', 10880),
(408, '(4/1/2017 ~ 4/30/2017)', 'Live Casino & Casino Games', 'zim2200304', 197495),
(409, '(4/1/2017 ~ 4/30/2017)', 'Live Casino & Casino Games', 'zim2200310', 300),
(410, '(4/1/2017 ~ 4/30/2017)', 'Live Casino & Casino Games', 'zim2200321', 112725),
(411, '(4/1/2017 ~ 4/30/2017)', 'Live Casino & Casino Games', 'zim2200332', 47831),
(412, '(4/1/2017 ~ 4/30/2017)', 'Live Casino & Casino Games', 'zim2200364', 3382),
(413, '(4/1/2017 ~ 4/30/2017)', 'Live Casino & Casino Games', 'zim2200368', 116245),
(414, '(4/1/2017 ~ 4/30/2017)', 'Live Casino & Casino Games', 'zim2200385', 25),
(415, '(4/1/2017 ~ 4/30/2017)', 'Live Casino & Casino Games', 'zim2200389', 35225),
(416, '(4/1/2017 ~ 4/30/2017)', 'Live Casino & Casino Games', 'zim2200391', 15447),
(417, '(4/1/2017 ~ 4/30/2017)', 'Live Casino & Casino Games', 'zim2200397', 265056),
(418, '(4/1/2017 ~ 4/30/2017)', 'Live Casino & Casino Games', 'zim2200398', 8040),
(419, '(4/1/2017 ~ 4/30/2017)', 'Live Casino & Casino Games', 'zim2200406', 84580),
(420, '(4/1/2017 ~ 4/30/2017)', 'Live Casino & Casino Games', 'zim2200419', 674),
(421, '(4/1/2017 ~ 4/30/2017)', 'Live Casino & Casino Games', 'zim2200445', 47700),
(422, '(4/1/2017 ~ 4/30/2017)', 'Live Casino & Casino Games', 'zim2200446', 66649),
(423, '(4/1/2017 ~ 4/30/2017)', 'Live Casino & Casino Games', 'zim2200447', 100),
(424, '(4/1/2017 ~ 4/30/2017)', 'Live Casino & Casino Games', 'zim2200460', 2097360),
(425, '(4/1/2017 ~ 4/30/2017)', 'Live Casino & Casino Games', 'zim2200464', 156151),
(426, '(4/1/2017 ~ 4/30/2017)', 'Live Casino & Casino Games', 'zim2200465', 9444),
(427, '(4/1/2017 ~ 4/30/2017)', 'Live Casino & Casino Games', 'zim2200470', 165),
(428, '(4/1/2017 ~ 4/30/2017)', 'Live Casino & Casino Games', 'zim2200474', 597976),
(429, '(4/1/2017 ~ 4/30/2017)', 'Live Casino & Casino Games', 'zim2200481', 33048),
(430, '(4/1/2017 ~ 4/30/2017)', 'Live Casino & Casino Games', 'zim2200489', 650),
(431, '(4/1/2017 ~ 4/30/2017)', 'Live Casino & Casino Games', 'zim2200496', 898308),
(432, '(4/1/2017 ~ 4/30/2017)', 'Live Casino & Casino Games', 'zim2200497', 185960),
(433, '(4/1/2017 ~ 4/30/2017)', 'Live Casino & Casino Games', 'zim2200498', 614630),
(434, '(4/1/2017 ~ 4/30/2017)', 'Live Casino & Casino Games', 'zim2200502', 300),
(435, '(4/1/2017 ~ 4/30/2017)', 'Live Casino & Casino Games', 'zim2200508', 36475),
(436, '(4/1/2017 ~ 4/30/2017)', 'Live Casino & Casino Games', 'zim2200509', 94198),
(437, '(4/1/2017 ~ 4/30/2017)', 'Live Casino & Casino Games', 'zim2200512', 112239),
(438, '(4/1/2017 ~ 4/30/2017)', 'Live Casino & Casino Games', 'zim2200519', 42860),
(439, '(4/1/2017 ~ 4/30/2017)', 'Live Casino & Casino Games', 'zim2200520', 901820),
(440, '(4/1/2017 ~ 4/30/2017)', 'Live Casino & Casino Games', 'zim2200524', 72965),
(441, '(4/1/2017 ~ 4/30/2017)', 'Live Casino & Casino Games', 'zim2200531', 407157),
(442, '(4/1/2017 ~ 4/30/2017)', 'Live Casino & Casino Games', 'zim2200533', 230660),
(443, '(4/1/2017 ~ 4/30/2017)', 'Live Casino & Casino Games', 'zim2200537', 65109),
(444, '(4/1/2017 ~ 4/30/2017)', 'Live Casino & Casino Games', 'zim2200544', 10941),
(445, '(4/1/2017 ~ 4/30/2017)', 'Live Casino & Casino Games', 'zim2200547', 47848),
(446, '(4/1/2017 ~ 4/30/2017)', 'Live Casino & Casino Games', 'zim2200551', 24740),
(447, '(4/1/2017 ~ 4/30/2017)', 'Live Casino & Casino Games', 'zim2200558', 52215),
(448, '(4/1/2017 ~ 4/30/2017)', 'Live Casino & Casino Games', 'zim2200562', 613977),
(449, '(4/1/2017 ~ 4/30/2017)', 'Live Casino & Casino Games', 'zim2200570', 10058),
(450, '(4/1/2017 ~ 4/30/2017)', 'Live Casino & Casino Games', 'zim2200576', 89400),
(451, '(4/1/2017 ~ 4/30/2017)', 'Live Casino & Casino Games', 'zim2200588', 33070),
(452, '(4/1/2017 ~ 4/30/2017)', 'Live Casino & Casino Games', 'zim2200594', 10006),
(453, '(4/1/2017 ~ 4/30/2017)', 'Live Casino & Casino Games', 'zim2200597', 205660),
(454, '(4/1/2017 ~ 4/30/2017)', 'Live Casino & Casino Games', 'zim2200606', 89965),
(455, '(4/1/2017 ~ 4/30/2017)', 'Live Casino & Casino Games', 'zim2200609', 7910),
(456, '(4/1/2017 ~ 4/30/2017)', 'Live Casino & Casino Games', 'zim2200614', 89177),
(457, '(4/1/2017 ~ 4/30/2017)', 'Live Casino & Casino Games', 'zim2200619', 1645),
(458, '(4/1/2017 ~ 4/30/2017)', 'Live Casino & Casino Games', 'zim2200622', 2),
(459, '(4/1/2017 ~ 4/30/2017)', 'Live Casino & Casino Games', 'zim2200629', 242),
(460, '(4/1/2017 ~ 4/30/2017)', 'Live Casino & Casino Games', 'zim2200630', 43232),
(461, '(4/1/2017 ~ 4/30/2017)', 'Live Casino & Casino Games', 'zim2200631', 101749),
(462, '(4/1/2017 ~ 4/30/2017)', 'Live Casino & Casino Games', 'zim2200633', 46938),
(463, '(4/1/2017 ~ 4/30/2017)', 'Live Casino & Casino Games', 'zim2200634', 5470),
(464, '(4/1/2017 ~ 4/30/2017)', 'Live Casino & Casino Games', 'zim2200642', 103408),
(465, '(4/1/2017 ~ 4/30/2017)', 'Live Casino & Casino Games', 'zim2200652', 900),
(466, '(4/1/2017 ~ 4/30/2017)', 'Live Casino & Casino Games', 'zim2200654', 52025),
(467, '(4/1/2017 ~ 4/30/2017)', 'Live Casino & Casino Games', 'zim2200657', 40455),
(468, '(4/1/2017 ~ 4/30/2017)', 'Live Casino & Casino Games', 'zim2200665', 157063),
(469, '(4/1/2017 ~ 4/30/2017)', 'Live Casino & Casino Games', 'zim2200666', 3710),
(470, '(4/1/2017 ~ 4/30/2017)', 'Live Casino & Casino Games', 'zim2200675', 721),
(471, '(4/1/2017 ~ 4/30/2017)', 'Live Casino & Casino Games', 'zim2200690', 26177),
(472, '(4/1/2017 ~ 4/30/2017)', 'Live Casino & Casino Games', 'zim2200692', 101194),
(473, '(4/1/2017 ~ 4/30/2017)', 'Live Casino & Casino Games', 'zim2200696', 174710),
(474, '(4/1/2017 ~ 4/30/2017)', 'Live Casino & Casino Games', 'zim2200697', 5700),
(475, '(4/1/2017 ~ 4/30/2017)', 'Live Casino & Casino Games', 'zim2200698', 209518),
(476, '(4/1/2017 ~ 4/30/2017)', 'Live Casino & Casino Games', 'zim2200706', 33391),
(477, '(4/1/2017 ~ 4/30/2017)', 'Live Casino & Casino Games', 'zim2200709', 28323),
(478, '(4/1/2017 ~ 4/30/2017)', 'Live Casino & Casino Games', 'zim2200715', 24467),
(479, '(4/1/2017 ~ 4/30/2017)', 'Live Casino & Casino Games', 'zim2200719', 738600),
(480, '(4/1/2017 ~ 4/30/2017)', 'Live Casino & Casino Games', 'zim2200721', 130145),
(481, '(4/1/2017 ~ 4/30/2017)', 'Live Casino & Casino Games', 'zim2200723', 1150),
(482, '(4/1/2017 ~ 4/30/2017)', 'Live Casino & Casino Games', 'zim2200738', 126400),
(483, '(4/1/2017 ~ 4/30/2017)', 'Live Casino & Casino Games', 'zim2200744', 7690),
(484, '(4/1/2017 ~ 4/30/2017)', 'Live Casino & Casino Games', 'zim2200748', 150),
(485, '(4/1/2017 ~ 4/30/2017)', 'Live Casino & Casino Games', 'zim2200751', 1372780),
(486, '(4/1/2017 ~ 4/30/2017)', 'Live Casino & Casino Games', 'zim2200752', 4300),
(487, '(4/1/2017 ~ 4/30/2017)', 'Live Casino & Casino Games', 'zim2200753', 96150),
(488, '(4/1/2017 ~ 4/30/2017)', 'Live Casino & Casino Games', 'zim2200754', 20146),
(489, '(4/1/2017 ~ 4/30/2017)', 'Live Casino & Casino Games', 'zim2200757', 200),
(490, '(4/1/2017 ~ 4/30/2017)', 'Live Casino & Casino Games', 'zim2200760', 39144),
(491, '(4/1/2017 ~ 4/30/2017)', 'Live Casino & Casino Games', 'zim2200761', 59146),
(492, '(4/1/2017 ~ 4/30/2017)', 'Live Casino & Casino Games', 'zim2200762', 10300),
(493, '(4/1/2017 ~ 4/30/2017)', 'Live Casino & Casino Games', 'zim2200766', 531810),
(494, '(4/1/2017 ~ 4/30/2017)', 'Live Casino & Casino Games', 'zim2200767', 38330),
(495, '(4/1/2017 ~ 4/30/2017)', 'Live Casino & Casino Games', 'zim2200769', 916),
(496, '(4/1/2017 ~ 4/30/2017)', 'Live Casino & Casino Games', 'zim2200773', 1163),
(497, '(4/1/2017 ~ 4/30/2017)', 'Live Casino & Casino Games', 'zim2200774', 1521270),
(498, '(4/1/2017 ~ 4/30/2017)', 'Live Casino & Casino Games', 'zim2200775', 4855),
(499, '(4/1/2017 ~ 4/30/2017)', 'Live Casino & Casino Games', 'zim2200776', 328370),
(500, '(4/1/2017 ~ 4/30/2017)', 'Live Casino & Casino Games', 'zim2200781', 40046),
(501, '(4/1/2017 ~ 4/30/2017)', 'Live Casino & Casino Games', 'zim2200783', 18532),
(502, '(4/1/2017 ~ 4/30/2017)', 'Live Casino & Casino Games', 'zim2200786', 16176),
(503, '(4/1/2017 ~ 4/30/2017)', 'Live Casino & Casino Games', 'zim2200787', 429374),
(504, '(4/1/2017 ~ 4/30/2017)', 'Live Casino & Casino Games', 'zim2200791', 76610),
(505, '(4/1/2017 ~ 4/30/2017)', 'Live Casino & Casino Games', 'zim2200795', 44449),
(506, '(4/1/2017 ~ 4/30/2017)', 'Live Casino & Casino Games', 'zim2200797', 168),
(507, '(4/1/2017 ~ 4/30/2017)', 'Live Casino & Casino Games', 'zim2200798', 21690),
(508, '(4/1/2017 ~ 4/30/2017)', 'Live Casino & Casino Games', 'zim2200800', 7200),
(509, '(4/1/2017 ~ 4/30/2017)', 'Live Casino & Casino Games', 'zim2200801', 500),
(510, '(4/1/2017 ~ 4/30/2017)', 'Live Casino & Casino Games', 'zim2200804', 2020),
(511, '(4/1/2017 ~ 4/30/2017)', 'Live Casino & Casino Games', 'zim2200805', 106525),
(512, '(4/1/2017 ~ 4/30/2017)', 'Live Casino & Casino Games', 'zim2200811', 40),
(513, '(4/1/2017 ~ 4/30/2017)', 'Live Casino & Casino Games', 'zim2200814', 74500),
(514, '(4/1/2017 ~ 4/30/2017)', 'Live Casino & Casino Games', 'zim2200820', 40855),
(515, '(4/1/2017 ~ 4/30/2017)', 'Live Casino & Casino Games', 'zim2200827', 1900),
(516, '(4/1/2017 ~ 4/30/2017)', 'Live Casino & Casino Games', 'zim2200830', 16610),
(517, '(4/1/2017 ~ 4/30/2017)', 'Live Casino & Casino Games', 'zim2200832', 53534),
(518, '(4/1/2017 ~ 4/30/2017)', 'Live Casino & Casino Games', 'zim2200836', 85065),
(519, '(4/1/2017 ~ 4/30/2017)', 'Live Casino & Casino Games', 'zim2200837', 154201),
(520, '(4/1/2017 ~ 4/30/2017)', 'Live Casino & Casino Games', 'zim2200839', 2228),
(521, '(4/1/2017 ~ 4/30/2017)', 'Live Casino & Casino Games', 'zim2200840', 10100),
(522, '(4/1/2017 ~ 4/30/2017)', 'Live Casino & Casino Games', 'zim2200845', 500),
(523, '(4/1/2017 ~ 4/30/2017)', 'Live Casino & Casino Games', 'zim2200846', 12718),
(524, '(4/1/2017 ~ 4/30/2017)', 'Live Casino & Casino Games', 'zim2200850', 63174),
(525, '(4/1/2017 ~ 4/30/2017)', 'Live Casino & Casino Games', 'zim2200852', 1700),
(526, '(4/1/2017 ~ 4/30/2017)', 'Live Casino & Casino Games', 'zim2200853', 33965),
(527, '(4/1/2017 ~ 4/30/2017)', 'Live Casino & Casino Games', 'zim2200857', 9084),
(528, '(4/1/2017 ~ 4/30/2017)', 'Live Casino & Casino Games', 'zim2200858', 62258),
(529, '(4/1/2017 ~ 4/30/2017)', 'Live Casino & Casino Games', 'zim2200859', 700),
(530, '(4/1/2017 ~ 4/30/2017)', 'Live Casino & Casino Games', 'zim2200860', 4056),
(531, '(4/1/2017 ~ 4/30/2017)', 'Live Casino & Casino Games', 'zim2200862', 4500),
(532, '(4/1/2017 ~ 4/30/2017)', 'Live Casino & Casino Games', 'zim2200864', 3370);

-- --------------------------------------------------------

--
-- Table structure for table `tb_cs_game`
--

CREATE TABLE `tb_cs_game` (
  `i_game` int(11) NOT NULL,
  `s_game` varchar(100) NOT NULL,
  `s_url` varchar(100) NOT NULL,
  `d_create` datetime NOT NULL,
  `d_update` datetime NOT NULL,
  `s_create_by` varchar(50) NOT NULL,
  `s_update_by` varchar(50) NOT NULL,
  `s_status` varchar(10) NOT NULL
) ENGINE=InnoDB DEFAULT CHARSET=utf8;

--
-- Dumping data for table `tb_cs_game`
--

INSERT INTO `tb_cs_game` (`i_game`, `s_game`, `s_url`, `d_create`, `d_update`, `s_create_by`, `s_update_by`, `s_status`) VALUES
(1, 'Sbobet', '', '0000-00-00 00:00:00', '0000-00-00 00:00:00', 'ADM', 'ADM', 'A'),
(2, 'Royal1688', '', '0000-00-00 00:00:00', '0000-00-00 00:00:00', 'ADM', 'ADM', 'A'),
(3, 'Gclub', '', '0000-00-00 00:00:00', '0000-00-00 00:00:00', 'ADM', 'ADM', 'A');

-- --------------------------------------------------------

--
-- Table structure for table `tb_cs_promotion`
--

CREATE TABLE `tb_cs_promotion` (
  `i_promotion` int(10) NOT NULL,
  `s_detail_th` varchar(100) NOT NULL,
  `s_detail_en` varchar(100) NOT NULL,
  `s_condition_th` text NOT NULL,
  `s_condition_en` text NOT NULL,
  `f_percen` float NOT NULL,
  `f_max_bath` float NOT NULL,
  `i_use` int(11) NOT NULL,
  `d_create` datetime NOT NULL,
  `d_update` datetime NOT NULL,
  `s_create_by` varchar(50) NOT NULL,
  `s_update_by` varchar(50) NOT NULL,
  `s_status` varchar(10) NOT NULL
) ENGINE=InnoDB DEFAULT CHARSET=utf8;

--
-- Dumping data for table `tb_cs_promotion`
--

INSERT INTO `tb_cs_promotion` (`i_promotion`, `s_detail_th`, `s_detail_en`, `s_condition_th`, `s_condition_en`, `f_percen`, `f_max_bath`, `i_use`, `d_create`, `d_update`, `s_create_by`, `s_update_by`, `s_status`) VALUES
(1, 'ไม่รับโปรโมชัน', 'Do not accept promotions', '-', '-', 0, 0, 0, '2017-04-09 00:00:00', '2017-04-09 00:00:00', 'ADM', 'ADM', 'A'),
(3, 'ฝากประจำวันเสาร์รับเลย 20% จากยอดฝาก แต่ไม่เกิน 1000 บาท', 'Saturday fixed deposit received Bonus 20%. Max Bonus 1000 Bath', '<p>-.</p>\r\n', '<p>.-</p>\r\n', 20, 1000, 2, '2017-06-12 21:51:32', '2017-06-13 15:25:29', 'admin', 'admin', 'A'),
(4, 'ฝากเล่นเกม ทายเต๋ารับโบนัสฝาก 30% สูงสุด 2000 บาท', 'Play guessing game, get 30% deposit bonus up to 2000 baht.', '<p>-</p>\r\n', '<p>-</p>\r\n', 30, 2000, 0, '2017-06-13 15:29:50', '2017-06-13 15:29:50', 'admin', 'admin', 'A');

-- --------------------------------------------------------

--
-- Table structure for table `tb_cs_promotion_rg`
--

CREATE TABLE `tb_cs_promotion_rg` (
  `i_promotion` int(10) NOT NULL,
  `s_detail_th` varchar(100) NOT NULL,
  `s_detail_en` varchar(100) NOT NULL,
  `s_condition_th` text NOT NULL,
  `s_condition_en` text NOT NULL,
  `f_percen` float DEFAULT NULL,
  `f_max_bath` float NOT NULL,
  `d_create` datetime NOT NULL,
  `d_update` datetime NOT NULL,
  `s_create_by` varchar(50) NOT NULL,
  `s_update_by` varchar(50) NOT NULL,
  `s_status` varchar(10) NOT NULL
) ENGINE=InnoDB DEFAULT CHARSET=utf8;

--
-- Dumping data for table `tb_cs_promotion_rg`
--

INSERT INTO `tb_cs_promotion_rg` (`i_promotion`, `s_detail_th`, `s_detail_en`, `s_condition_th`, `s_condition_en`, `f_percen`, `f_max_bath`, `d_create`, `d_update`, `s_create_by`, `s_update_by`, `s_status`) VALUES
(1, 'ไม่รับโปรโมชัน', 'Do not accept promotions', '-', '-', 0, 0, '2017-04-09 00:00:00', '2017-04-09 00:00:00', 'ADM', 'ADM', 'A'),
(3, 'ฝากแรกเข้ารับเลย 130% จากยอดฝาก สูงสุด 5000 บาท', 'First deposit is Bonus 130%. Max 5000 Bath', '<p>-</p>\r\n', '<p>-</p>\r\n', 130, 5000, '2017-06-12 21:47:44', '2017-06-12 21:48:16', 'admin', 'admin', 'A');

-- --------------------------------------------------------

--
-- Table structure for table `tb_cs_seo`
--

CREATE TABLE `tb_cs_seo` (
  `i_seo` int(10) NOT NULL,
  `s_detail_th` varchar(100) NOT NULL,
  `s_detail_en` varchar(100) NOT NULL,
  `d_create` datetime NOT NULL,
  `d_update` datetime NOT NULL,
  `s_create_by` varchar(50) NOT NULL,
  `s_update_by` varchar(50) NOT NULL,
  `s_status` varchar(10) NOT NULL
) ENGINE=InnoDB DEFAULT CHARSET=utf8;

--
-- Dumping data for table `tb_cs_seo`
--

INSERT INTO `tb_cs_seo` (`i_seo`, `s_detail_th`, `s_detail_en`, `d_create`, `d_update`, `s_create_by`, `s_update_by`, `s_status`) VALUES
(1, 'จากเว็บไซต์กูลเกิ้ล', 'google.com', '2017-04-09 00:00:00', '2017-04-09 00:00:00', 'ADM', 'ADM', 'A'),
(2, 'เพื่อนแนะนำมา', 'Friend recommended', '2017-04-09 00:00:00', '2017-04-09 00:00:00', 'ADM', 'ADM', 'A');

-- --------------------------------------------------------

--
-- Table structure for table `tb_cs_time`
--

CREATE TABLE `tb_cs_time` (
  `i_time` int(10) NOT NULL,
  `s_detail_th` varchar(100) NOT NULL,
  `s_detail_en` varchar(100) NOT NULL,
  `d_create` datetime NOT NULL,
  `d_update` datetime NOT NULL,
  `s_create_by` varchar(50) NOT NULL,
  `s_update_by` varchar(50) NOT NULL,
  `s_status` varchar(10) NOT NULL
) ENGINE=InnoDB DEFAULT CHARSET=utf8;

--
-- Dumping data for table `tb_cs_time`
--

INSERT INTO `tb_cs_time` (`i_time`, `s_detail_th`, `s_detail_en`, `d_create`, `d_update`, `s_create_by`, `s_update_by`, `s_status`) VALUES
(1, '09.00 - 12.00 น.', '09.00 - 12.00 AM', '2017-04-09 00:00:00', '2017-04-09 00:00:00', 'ADM', 'ADM', 'A'),
(2, '13.00 - 17.00 น.', '01.00 - 05.00 PM', '2017-04-09 00:00:00', '2017-04-09 00:00:00', 'ADM', 'ADM', 'A'),
(3, '18.00 - 22.00 น.', '06.00 - 10.00 PM', '2017-04-09 00:00:00', '2017-04-09 00:00:00', 'ADM', 'ADM', 'A'),
(4, 'ได้ตลอดทั้งวัน', 'All Day', '2017-04-09 00:00:00', '2017-04-09 00:00:00', 'ADM', 'ADM', 'A');

-- --------------------------------------------------------

--
-- Table structure for table `tb_cs_user`
--

CREATE TABLE `tb_cs_user` (
  `i_user` int(10) NOT NULL,
  `s_firstname` varchar(50) NOT NULL,
  `s_lastname` varchar(50) NOT NULL,
  `s_phone` varchar(20) NOT NULL,
  `s_email` varchar(50) NOT NULL,
  `s_line` varchar(50) NOT NULL,
  `i_bank` int(20) NOT NULL,
  `s_account_no` varchar(20) NOT NULL,
  `s_account_name` varchar(50) NOT NULL,
  `s_username` varchar(50) NOT NULL,
  `s_password` varchar(50) NOT NULL,
  `s_security` varchar(10) NOT NULL,
  `i_seo_by` int(10) NOT NULL,
  `s_friend` varchar(100) NOT NULL,
  `i_contact_time` int(10) NOT NULL,
  `s_flg_email` varchar(10) NOT NULL DEFAULT 'Y',
  `s_ref_deposit` varchar(50) NOT NULL,
  `d_create` datetime NOT NULL,
  `d_update` datetime NOT NULL,
  `s_create_by` varchar(50) NOT NULL,
  `s_update_by` varchar(50) NOT NULL,
  `s_status` varchar(10) NOT NULL
) ENGINE=InnoDB DEFAULT CHARSET=utf8;

--
-- Dumping data for table `tb_cs_user`
--

INSERT INTO `tb_cs_user` (`i_user`, `s_firstname`, `s_lastname`, `s_phone`, `s_email`, `s_line`, `i_bank`, `s_account_no`, `s_account_name`, `s_username`, `s_password`, `s_security`, `i_seo_by`, `s_friend`, `i_contact_time`, `s_flg_email`, `s_ref_deposit`, `d_create`, `d_update`, `s_create_by`, `s_update_by`, `s_status`) VALUES
(1, 'nag', 'nag', '(111) 111-1111', 'natdanaimon@gmail.com', 'nagie', 6, '1-129-17219-2', 'test test', 'nag', '111111', '111111', 0, '', 0, 'Y', '20170618164409', '2017-06-18 16:44:09', '2017-06-18 16:44:09', 'admin', 'admin', 'APPR');

-- --------------------------------------------------------

--
-- Table structure for table `tb_cs_user_map`
--

CREATE TABLE `tb_cs_user_map` (
  `id` int(11) NOT NULL,
  `i_index` int(11) NOT NULL,
  `s_main` varchar(100) NOT NULL,
  `s_sub` varchar(100) NOT NULL,
  `s_create_by` varchar(50) NOT NULL,
  `s_update_by` varchar(50) NOT NULL,
  `d_create` datetime NOT NULL,
  `d_update` datetime NOT NULL
) ENGINE=InnoDB DEFAULT CHARSET=utf8;

-- --------------------------------------------------------

--
-- Table structure for table `tb_cs_wd`
--

CREATE TABLE `tb_cs_wd` (
  `i_wd` int(10) NOT NULL,
  `i_web` int(11) NOT NULL,
  `s_username` varchar(20) NOT NULL,
  `s_account_no` varchar(20) NOT NULL,
  `s_account_name` varchar(50) NOT NULL,
  `s_phone` varchar(20) NOT NULL,
  `f_amount` float NOT NULL,
  `s_security` varchar(10) NOT NULL,
  `i_bank` int(20) NOT NULL,
  `i_bank_adm` int(11) NOT NULL,
  `d_create` datetime NOT NULL,
  `d_update` datetime NOT NULL,
  `s_create_by` varchar(50) NOT NULL,
  `s_update_by` varchar(50) NOT NULL,
  `s_status` varchar(10) NOT NULL
) ENGINE=InnoDB DEFAULT CHARSET=utf8;

--
-- Dumping data for table `tb_cs_wd`
--

INSERT INTO `tb_cs_wd` (`i_wd`, `i_web`, `s_username`, `s_account_no`, `s_account_name`, `s_phone`, `f_amount`, `s_security`, `i_bank`, `i_bank_adm`, `d_create`, `d_update`, `s_create_by`, `s_update_by`, `s_status`) VALUES
(1, 1, 'nag', '1-129-17219-2', 'test test', '', 50000, '111111', 6, 1, '2017-06-23 19:54:52', '2017-06-23 19:59:16', 'admin', 'admin', 'APPR');

-- --------------------------------------------------------

--
-- Table structure for table `tb_function`
--

CREATE TABLE `tb_function` (
  `s_function` varchar(50) NOT NULL,
  `s_th` varchar(50) NOT NULL,
  `s_en` varchar(50) NOT NULL
) ENGINE=InnoDB DEFAULT CHARSET=utf8;

--
-- Dumping data for table `tb_function`
--

INSERT INTO `tb_function` (`s_function`, `s_th`, `s_en`) VALUES
('LV1', 'ค้นหาได้เฉพาะภายในวันนี้', 'Search within today.'),
('LV2', 'ค้นหาได้ย้อนหลังได้หนึ่งวัน', 'Search back 1 day.'),
('LV3', 'ค้นหาย้อนหลังได้ทั้งหมด', 'Search full Option');

-- --------------------------------------------------------

--
-- Table structure for table `tb_license`
--

CREATE TABLE `tb_license` (
  `i_license` int(11) NOT NULL,
  `s_domain` varchar(50) NOT NULL,
  `s_license_key` varchar(50) NOT NULL,
  `s_function` varchar(50) NOT NULL,
  `s_kbank` varchar(1) NOT NULL,
  `s_scb` varchar(1) NOT NULL,
  `s_bbl` varchar(1) NOT NULL,
  `s_ktb` varchar(1) NOT NULL,
  `s_bay` varchar(1) NOT NULL,
  `d_create` datetime NOT NULL,
  `d_update` datetime NOT NULL,
  `s_create_by` varchar(50) NOT NULL,
  `s_update_by` varchar(50) NOT NULL,
  `s_status` varchar(11) NOT NULL
) ENGINE=InnoDB DEFAULT CHARSET=utf8;

--
-- Dumping data for table `tb_license`
--

INSERT INTO `tb_license` (`i_license`, `s_domain`, `s_license_key`, `s_function`, `s_kbank`, `s_scb`, `s_bbl`, `s_ktb`, `s_bay`, `d_create`, `d_update`, `s_create_by`, `s_update_by`, `s_status`) VALUES
(6, 'ww.nagieos.com', 'nagieos', 'LV1', 'N', 'Y', 'Y', 'Y', 'Y', '2017-06-27 19:15:58', '2017-06-27 19:26:27', 'admin', 'admin', 'A'),
(10, 'localhost', 'nagieos', 'LV3', 'Y', 'Y', 'Y', 'Y', 'Y', '2017-06-27 20:38:08', '2017-07-01 20:03:17', 'admin', 'admin', 'A');

-- --------------------------------------------------------

--
-- Table structure for table `tb_logs`
--

CREATE TABLE `tb_logs` (
  `i_log` int(11) NOT NULL,
  `s_type` varchar(20) NOT NULL,
  `s_ref` varchar(50) NOT NULL,
  `s_action` varchar(20) NOT NULL,
  `s_data` text NOT NULL,
  `d_create` datetime NOT NULL,
  `s_create_by` varchar(50) NOT NULL
) ENGINE=InnoDB DEFAULT CHARSET=utf8;

--
-- Dumping data for table `tb_logs`
--

INSERT INTO `tb_logs` (`i_log`, `s_type`, `s_ref`, `s_action`, `s_data`, `d_create`, `s_create_by`) VALUES
(1, 'REGISTER', '20170623195314', 'DELETE', '[{"0":"3","i_user":"3","1":"test","s_firstname":"test","2":"test","s_lastname":"test","3":"(111) 111-1111","s_phone":"(111) 111-1111","4":"sexy@sbobetsexy.com","s_email":"sexy@sbobetsexy.com","5":"","s_line":"","6":"1","i_bank":"1","7":"1-231-23123-1","s_account_no":"1-231-23123-1","8":"nuttapong porinogorn","s_account_name":"nuttapong porinogorn","9":"test","s_username":"test","10":"","s_password":"","11":"111111","s_security":"111111","12":"0","i_seo_by":"0","13":"","s_friend":"","14":"0","i_contact_time":"0","15":"Y","s_flg_email":"Y","16":"20170622230934","s_ref_deposit":"20170622230934","17":"2017-06-22 23:09:34","d_create":"2017-06-22 23:09:34","18":"2017-06-22 23:09:34","d_update":"2017-06-22 23:09:34","19":"admin","s_create_by":"admin","20":"admin","s_update_by":"admin","21":"APPR","s_status":"APPR"}]', '2017-06-23 19:53:14', 'admin'),
(2, 'REGISTER', '20170623195314', 'DELETE', '[{"0":"2","i_user":"2","1":"t25","s_firstname":"t25","2":"t","s_lastname":"t","3":"(111) 111-1111","s_phone":"(111) 111-1111","4":"rb_clubza@hotmail.com","s_email":"rb_clubza@hotmail.com","5":"hhgy6","s_line":"hhgy6","6":"1","i_bank":"1","7":"8-764-44566-6","s_account_no":"8-764-44566-6","8":"nuttapong porinogorn","s_account_name":"nuttapong porinogorn","9":"test25","s_username":"test25","10":"","s_password":"","11":"999999","s_security":"999999","12":"0","i_seo_by":"0","13":"","s_friend":"","14":"0","i_contact_time":"0","15":"Y","s_flg_email":"Y","16":"20170619193627","s_ref_deposit":"20170619193627","17":"2017-06-19 19:36:27","d_create":"2017-06-19 19:36:27","18":"2017-06-19 19:36:27","d_update":"2017-06-19 19:36:27","19":"admin","s_create_by":"admin","20":"admin","s_update_by":"admin","21":"APPR","s_status":"APPR"}]', '2017-06-23 19:53:14', 'admin'),
(3, 'DEPOSIT', '20170623195431', 'INSERT', '[{"0":"1","i_dp":"1","1":"nag","s_username":"nag","2":"","s_firstname":"","3":"","s_phone":"","4":"30000","f_amount":"30000","5":"2000","f_bonus":"2000","6":"32000","f_total":"32000","7":"","s_security":"","8":"2017-06-23","d_dp_date":"2017-06-23","9":"19:54:00","d_dp_time":"19:54:00","10":"0","i_chanel":"0","11":"1","i_bank":"1","12":"4","i_promotion":"4","13":"1","i_web":"1","14":"1","i_game":"1","15":"0","f_special_bonus":"0","16":"","s_img":"","17":"","s_ref_deposit":"","18":"N","s_first_deposit":"N","19":"2017-06-23 19:54:31","d_create":"2017-06-23 19:54:31","20":"2017-06-23 19:54:31","d_update":"2017-06-23 19:54:31","21":"admin","s_create_by":"admin","22":"admin","s_update_by":"admin","23":"APPR","s_status":"APPR"}]', '2017-06-23 19:54:31', 'admin'),
(4, 'WITHDRAW', '20170623195452', 'INSERT', '[{"0":"1","i_wd":"1","1":"1","i_web":"1","2":"nag","s_username":"nag","3":"1-129-17219-2","s_account_no":"1-129-17219-2","4":"test test","s_account_name":"test test","5":"","s_phone":"","6":"50000","f_amount":"50000","7":"111111","s_security":"111111","8":"6","i_bank":"6","9":"3","i_bank_adm":"3","10":"2017-06-23 19:54:52","d_create":"2017-06-23 19:54:52","11":"2017-06-23 19:54:52","d_update":"2017-06-23 19:54:52","12":"admin","s_create_by":"admin","13":"admin","s_update_by":"admin","14":"APPR","s_status":"APPR"}]', '2017-06-23 19:54:52', 'admin'),
(5, 'WITHDRAW', '20170623195916', 'UPDATE', '[{"0":"1","i_wd":"1","1":"1","i_web":"1","2":"nag","s_username":"nag","3":"1-129-17219-2","s_account_no":"1-129-17219-2","4":"test test","s_account_name":"test test","5":"","s_phone":"","6":"50000","f_amount":"50000","7":"111111","s_security":"111111","8":"6","i_bank":"6","9":"3","i_bank_adm":"3","10":"2017-06-23 19:54:52","d_create":"2017-06-23 19:54:52","11":"2017-06-23 19:54:52","d_update":"2017-06-23 19:54:52","12":"admin","s_create_by":"admin","13":"admin","s_update_by":"admin","14":"APPR","s_status":"APPR"}]', '2017-06-23 19:59:16', 'admin'),
(6, 'WITHDRAW', '20170623195916', 'UPDATE', '[{"0":"1","i_wd":"1","1":"1","i_web":"1","2":"nag","s_username":"nag","3":"1-129-17219-2","s_account_no":"1-129-17219-2","4":"test test","s_account_name":"test test","5":"","s_phone":"","6":"50000","f_amount":"50000","7":"111111","s_security":"111111","8":"6","i_bank":"6","9":"1","i_bank_adm":"1","10":"2017-06-23 19:54:52","d_create":"2017-06-23 19:54:52","11":"2017-06-23 19:59:16","d_update":"2017-06-23 19:59:16","12":"admin","s_create_by":"admin","13":"admin","s_update_by":"admin","14":"APPR","s_status":"APPR"}]', '2017-06-23 19:59:16', 'admin');

-- --------------------------------------------------------

--
-- Table structure for table `tb_map_promotion`
--

CREATE TABLE `tb_map_promotion` (
  `i_id` int(11) NOT NULL,
  `s_username` varchar(20) NOT NULL,
  `i_promotion` int(11) NOT NULL,
  `i_use` int(11) NOT NULL
) ENGINE=InnoDB DEFAULT CHARSET=utf8;

--
-- Dumping data for table `tb_map_promotion`
--

INSERT INTO `tb_map_promotion` (`i_id`, `s_username`, `i_promotion`, `i_use`) VALUES
(15, 'natdanai2533', 3, 2),
(16, 'natdanai2533', 1, 1),
(17, 'natdanai2533', 4, 1),
(18, '55555', 1, 1),
(19, 'fasdfsdf', 1, 1),
(20, 'sbo001', 4, 1),
(21, 'tt2', 1, 1),
(22, '12313', 3, 1),
(23, 'ng', 3, 2),
(24, 'tt2', 3, 1),
(25, 'sbo001', 3, 2),
(26, 'sbo003', 3, 1),
(27, 'sbo03', 3, 1),
(28, 'sbo002', 3, 1),
(29, 'test', 1, 1),
(30, 'ttt2', 1, 1),
(31, 't2', 1, 1),
(32, 'test25', 1, 1),
(33, 'test25', 4, 2),
(34, 'nag', 1, 8),
(35, 'nag', 4, 1);

-- --------------------------------------------------------

--
-- Table structure for table `tb_master_bank`
--

CREATE TABLE `tb_master_bank` (
  `i_bank` int(11) NOT NULL,
  `s_bank_th` varchar(100) NOT NULL,
  `s_bank_en` varchar(100) NOT NULL,
  `s_img` varchar(100) NOT NULL,
  `d_create` datetime NOT NULL,
  `d_update` datetime NOT NULL,
  `s_create_by` varchar(50) NOT NULL,
  `s_update_by` varchar(50) NOT NULL,
  `s_status` varchar(10) NOT NULL
) ENGINE=InnoDB DEFAULT CHARSET=utf8;

--
-- Dumping data for table `tb_master_bank`
--

INSERT INTO `tb_master_bank` (`i_bank`, `s_bank_th`, `s_bank_en`, `s_img`, `d_create`, `d_update`, `s_create_by`, `s_update_by`, `s_status`) VALUES
(1, 'กรุงไทย', 'KTB', 'ktb.png', '2017-04-09 00:00:00', '2017-04-09 00:00:00', 'ADM', 'ADM', 'A'),
(2, 'ไทยพาณิชย์', 'SCB', 'scb.png', '2017-04-09 00:00:00', '2017-04-09 00:00:00', 'ADM', 'ADM', 'A'),
(3, 'กสิกร', 'KBANK', 'kbank.png', '0000-00-00 00:00:00', '0000-00-00 00:00:00', 'ADM', 'ADM', 'A'),
(4, 'กรุงเทพ', 'BBL', 'bbl.png', '0000-00-00 00:00:00', '0000-00-00 00:00:00', 'ADM', 'ADM', 'A'),
(5, 'กรุงศรี', 'BAY', 'bay.png', '0000-00-00 00:00:00', '0000-00-00 00:00:00', 'ADM', 'ADM', 'A'),
(6, 'ทหารไทย\r\n', 'TMB', 'tmb.png', '0000-00-00 00:00:00', '0000-00-00 00:00:00', 'ADM', 'ADM', 'A'),
(7, 'ออมสิน', 'GSB', 'gsb.png', '0000-00-00 00:00:00', '0000-00-00 00:00:00', 'ADM', 'ADM', 'A');

-- --------------------------------------------------------

--
-- Table structure for table `tb_media`
--

CREATE TABLE `tb_media` (
  `i_sv_media` int(11) NOT NULL,
  `s_media_type` varchar(10) NOT NULL,
  `s_media_th` varchar(100) NOT NULL,
  `s_media_en` varchar(100) NOT NULL,
  `s_src_media` varchar(100) NOT NULL,
  `s_status` varchar(10) NOT NULL
) ENGINE=InnoDB DEFAULT CHARSET=utf8;

--
-- Dumping data for table `tb_media`
--

INSERT INTO `tb_media` (`i_sv_media`, `s_media_type`, `s_media_th`, `s_media_en`, `s_src_media`, `s_status`) VALUES
(1, 'ALL', 'กูเกิลไดร์', 'Google Drive', 'google_drive.png', 'A'),
(2, 'ALL', 'ยูทูป', 'Youtube', 'youtube.png', 'A'),
(3, 'ALL', 'เจดับเบิ้ลยู เพลเยอร์', 'JWPLAYER', 'jwlogo.png', 'A'),
(4, 'POST', 'ยูทูป', 'Youtube', 'youtube.png', 'A');

-- --------------------------------------------------------

--
-- Table structure for table `tb_pointion`
--

CREATE TABLE `tb_pointion` (
  `i_pointion` int(10) NOT NULL,
  `s_app` varchar(50) NOT NULL,
  `s_detail_th` varchar(100) NOT NULL,
  `s_detail_en` varchar(100) NOT NULL,
  `s_status` varchar(10) NOT NULL
) ENGINE=InnoDB DEFAULT CHARSET=utf8;

--
-- Dumping data for table `tb_pointion`
--

INSERT INTO `tb_pointion` (`i_pointion`, `s_app`, `s_detail_th`, `s_detail_en`, `s_status`) VALUES
(1, 'CS', 'สไลด์หน้าแรกด้านบน', 'SLIDE HOME TOP', 'A'),
(2, 'GL', 'แกลลอรี่ หน้าแรก', 'GALLERY HOME', 'A'),
(3, 'PP', 'รูปภาพหน้าแรก', 'PICTURE HOME', 'A'),
(4, 'PV', 'วิดีโอหน้าแรก', 'VIDEO HOME', 'A'),
(5, 'PN', 'ข่าวแสดงทุกหน้า', 'NEWS ALL PAGE', 'A');

-- --------------------------------------------------------

--
-- Table structure for table `tb_ps_email`
--

CREATE TABLE `tb_ps_email` (
  `i_email` int(10) NOT NULL,
  `s_subject_th` text NOT NULL,
  `s_subject_en` text NOT NULL,
  `s_detail_th` text NOT NULL,
  `s_detail_en` text NOT NULL,
  `i_send` int(10) NOT NULL,
  `s_status` varchar(10) NOT NULL
) ENGINE=InnoDB DEFAULT CHARSET=utf8;

-- --------------------------------------------------------

--
-- Table structure for table `tb_ps_img`
--

CREATE TABLE `tb_ps_img` (
  `i_img` int(10) NOT NULL,
  `i_pointion` int(10) NOT NULL,
  `s_img_p1` varchar(100) NOT NULL,
  `s_img_p2` varchar(100) NOT NULL,
  `s_link` varchar(100) NOT NULL,
  `i_index` int(11) NOT NULL,
  `s_subject_th` text NOT NULL,
  `s_subject_en` text NOT NULL,
  `s_detail_th` text NOT NULL,
  `s_detail_en` text NOT NULL,
  `i_view` int(10) NOT NULL DEFAULT '0',
  `i_vote` int(10) NOT NULL DEFAULT '0',
  `d_create` datetime NOT NULL,
  `d_update` datetime NOT NULL,
  `s_create_by` varchar(50) NOT NULL,
  `s_update_by` varchar(50) NOT NULL,
  `s_status` varchar(10) NOT NULL
) ENGINE=InnoDB DEFAULT CHARSET=utf8;

-- --------------------------------------------------------

--
-- Table structure for table `tb_ps_news`
--

CREATE TABLE `tb_ps_news` (
  `i_news` int(10) NOT NULL,
  `i_pointion` int(10) NOT NULL,
  `s_img_p1` varchar(100) NOT NULL,
  `s_img_p2` varchar(100) NOT NULL,
  `s_link` varchar(100) NOT NULL,
  `i_index` int(11) NOT NULL,
  `s_subject_th` text NOT NULL,
  `s_subject_en` text NOT NULL,
  `s_detail_th` text NOT NULL,
  `s_detail_en` text NOT NULL,
  `i_view` int(10) NOT NULL,
  `i_vote` int(10) NOT NULL,
  `d_create` datetime NOT NULL,
  `d_update` datetime NOT NULL,
  `s_create_by` varchar(50) NOT NULL,
  `s_update_by` varchar(50) NOT NULL,
  `s_status` varchar(10) NOT NULL
) ENGINE=InnoDB DEFAULT CHARSET=utf8;

-- --------------------------------------------------------

--
-- Table structure for table `tb_ps_popup`
--

CREATE TABLE `tb_ps_popup` (
  `s_key` varchar(10) NOT NULL,
  `s_img_p1` varchar(100) NOT NULL,
  `s_url` varchar(100) NOT NULL,
  `d_start` date NOT NULL,
  `d_end` date NOT NULL,
  `d_update` datetime NOT NULL,
  `s_update_by` varchar(100) NOT NULL,
  `s_status` varchar(10) NOT NULL
) ENGINE=InnoDB DEFAULT CHARSET=utf8;

-- --------------------------------------------------------

--
-- Table structure for table `tb_ps_video`
--

CREATE TABLE `tb_ps_video` (
  `i_video` int(10) NOT NULL,
  `i_pointion` int(10) NOT NULL,
  `i_sv_media` int(11) NOT NULL,
  `s_src_media` varchar(100) NOT NULL,
  `s_link` varchar(100) NOT NULL,
  `i_index` int(11) NOT NULL,
  `s_img_p1` varchar(100) NOT NULL,
  `s_subject_th` text NOT NULL,
  `s_subject_en` text NOT NULL,
  `s_detail_th` text NOT NULL,
  `s_detail_en` text NOT NULL,
  `i_view` int(10) NOT NULL DEFAULT '0',
  `i_vote` int(10) NOT NULL DEFAULT '0',
  `d_create` datetime NOT NULL,
  `d_update` datetime NOT NULL,
  `s_create_by` varchar(50) NOT NULL,
  `s_update_by` varchar(50) NOT NULL,
  `s_status` varchar(10) NOT NULL
) ENGINE=InnoDB DEFAULT CHARSET=utf8;

-- --------------------------------------------------------

--
-- Table structure for table `tb_ps_youtube`
--

CREATE TABLE `tb_ps_youtube` (
  `s_key` varchar(10) NOT NULL,
  `url_prefix` varchar(100) NOT NULL,
  `url_id` varchar(100) NOT NULL,
  `url_prefix_auto` varchar(50) NOT NULL,
  `s_update_by` varchar(50) NOT NULL,
  `d_update` datetime NOT NULL,
  `s_status_auto` varchar(10) NOT NULL,
  `s_status` varchar(10) NOT NULL
) ENGINE=InnoDB DEFAULT CHARSET=utf8;

--
-- Dumping data for table `tb_ps_youtube`
--

INSERT INTO `tb_ps_youtube` (`s_key`, `url_prefix`, `url_id`, `url_prefix_auto`, `s_update_by`, `d_update`, `s_status_auto`, `s_status`) VALUES
('LIVE', 'https://www.youtube.com/embed/live_stream?channel=', 'ABwQJCuBrVEmn0Q-LqBesQ', '&autoplay=1', 'admin', '2017-05-15 15:32:46', 'C', 'A');

-- --------------------------------------------------------

--
-- Table structure for table `tb_special_bonus`
--

CREATE TABLE `tb_special_bonus` (
  `i_bonus` int(11) NOT NULL,
  `s_text_th` varchar(100) NOT NULL,
  `s_text_en` varchar(100) NOT NULL,
  `f_bonus` float NOT NULL,
  `d_create` datetime NOT NULL,
  `d_update` datetime NOT NULL,
  `s_create_by` varchar(50) NOT NULL,
  `s_update_by` varchar(50) NOT NULL,
  `s_status` varchar(10) NOT NULL
) ENGINE=InnoDB DEFAULT CHARSET=utf8;

--
-- Dumping data for table `tb_special_bonus`
--

INSERT INTO `tb_special_bonus` (`i_bonus`, `s_text_th`, `s_text_en`, `f_bonus`, `d_create`, `d_update`, `s_create_by`, `s_update_by`, `s_status`) VALUES
(1, 'ไม่มีโบนัสพิเศษ', 'No Special Bonus', 0, '0000-00-00 00:00:00', '0000-00-00 00:00:00', 'ADM', 'ADM', 'A'),
(2, 'โบนัสพิเศษ 500 บาท', 'Special Bonus 500 Bath', 500, '0000-00-00 00:00:00', '0000-00-00 00:00:00', 'ADM', 'ADM', 'A'),
(3, 'โบนัสพิเศษ 100 บาท', 'Special Bonus 100 Bath', 100, '0000-00-00 00:00:00', '0000-00-00 00:00:00', 'ADM', 'ADM', 'A'),
(4, 'โบนัสพิเศษ 1,000 บาท', 'Special Bonus 1,000 Bath', 1000, '0000-00-00 00:00:00', '0000-00-00 00:00:00', 'ADM', 'ADM', 'A');

-- --------------------------------------------------------

--
-- Table structure for table `tb_status`
--

CREATE TABLE `tb_status` (
  `s_status` varchar(10) NOT NULL,
  `s_type` varchar(10) NOT NULL,
  `s_detail_th` varchar(100) NOT NULL,
  `s_detail_en` varchar(100) NOT NULL
) ENGINE=InnoDB DEFAULT CHARSET=utf8;

--
-- Dumping data for table `tb_status`
--

INSERT INTO `tb_status` (`s_status`, `s_type`, `s_detail_th`, `s_detail_en`) VALUES
('A', 'ALL', 'ใช้งาน', 'Active'),
('APPR', 'CS', 'อนุมัติ', 'Approve'),
('C', 'ALL', 'ไม่ใช้งาน', 'Cancel'),
('PEND', 'CS', 'รอดำเนินการ', 'Pending'),
('REJ', 'CS', 'ปฏิเสธ', 'Reject');

-- --------------------------------------------------------

--
-- Table structure for table `tb_ui_gallery`
--

CREATE TABLE `tb_ui_gallery` (
  `i_gallery` int(10) NOT NULL,
  `i_pointion` int(10) NOT NULL,
  `i_type` int(10) NOT NULL,
  `i_index` int(11) NOT NULL,
  `s_desc_th` varchar(150) NOT NULL,
  `s_desc_en` varchar(150) NOT NULL,
  `s_img_p1` varchar(100) NOT NULL,
  `s_img_p2` varchar(100) NOT NULL,
  `i_sv_media` int(11) DEFAULT NULL,
  `s_src_media` varchar(100) NOT NULL,
  `d_create` datetime NOT NULL,
  `d_update` datetime NOT NULL,
  `s_create_by` varchar(50) NOT NULL,
  `s_update_by` varchar(50) NOT NULL,
  `s_status` varchar(10) NOT NULL
) ENGINE=InnoDB DEFAULT CHARSET=utf8;

--
-- Dumping data for table `tb_ui_gallery`
--

INSERT INTO `tb_ui_gallery` (`i_gallery`, `i_pointion`, `i_type`, `i_index`, `s_desc_th`, `s_desc_en`, `s_img_p1`, `s_img_p2`, `i_sv_media`, `s_src_media`, `d_create`, `d_update`, `s_create_by`, `s_update_by`, `s_status`) VALUES
(11, 2, 2, 1, 'SBOBETSEXY', 'SBOBETSEXY', '201705191252141.jpg', '201705191252142.jpg', NULL, '', '2017-05-19 12:52:14', '2017-05-19 12:52:14', 'admin', 'admin', 'A');

-- --------------------------------------------------------

--
-- Table structure for table `tb_ui_img`
--

CREATE TABLE `tb_ui_img` (
  `i_img` int(10) NOT NULL,
  `i_pointion` int(10) NOT NULL,
  `s_img` varchar(100) NOT NULL,
  `d_create` datetime NOT NULL,
  `d_update` datetime NOT NULL,
  `s_create_by` varchar(50) NOT NULL,
  `s_update_by` varchar(50) NOT NULL,
  `s_status` varchar(10) NOT NULL
) ENGINE=InnoDB DEFAULT CHARSET=utf8;

-- --------------------------------------------------------

--
-- Table structure for table `tb_ui_media`
--

CREATE TABLE `tb_ui_media` (
  `i_sv_media` int(10) NOT NULL,
  `s_media_type` varchar(10) NOT NULL,
  `s_media_th` varchar(100) NOT NULL,
  `s_media_en` varchar(100) NOT NULL,
  `s_src_media` varchar(100) NOT NULL,
  `s_status` varchar(10) NOT NULL
) ENGINE=InnoDB DEFAULT CHARSET=utf8;

--
-- Dumping data for table `tb_ui_media`
--

INSERT INTO `tb_ui_media` (`i_sv_media`, `s_media_type`, `s_media_th`, `s_media_en`, `s_src_media`, `s_status`) VALUES
(2, 'GALLERY', 'ยูทูป', 'Youtube', 'youtube.png', 'A'),
(3, 'SLIDE', 'เจดับเบิ้ลยู เพลเยอร์', 'JWPLAYER', 'jwlogo.png', 'A');

-- --------------------------------------------------------

--
-- Table structure for table `tb_ui_slide`
--

CREATE TABLE `tb_ui_slide` (
  `i_slide` int(10) NOT NULL,
  `i_pointion` int(10) NOT NULL,
  `i_type` int(10) NOT NULL,
  `i_index` int(11) NOT NULL,
  `s_desc_th` varchar(150) NOT NULL,
  `s_desc_en` varchar(150) NOT NULL,
  `s_img_p1` varchar(100) NOT NULL,
  `s_img_p2` varchar(100) NOT NULL,
  `i_sv_media` int(11) DEFAULT NULL,
  `s_src_media` varchar(100) NOT NULL,
  `s_img_video` varchar(100) NOT NULL,
  `d_create` datetime NOT NULL,
  `d_update` datetime NOT NULL,
  `s_create_by` varchar(50) NOT NULL,
  `s_update_by` varchar(50) NOT NULL,
  `s_status` varchar(10) NOT NULL
) ENGINE=InnoDB DEFAULT CHARSET=utf8;

-- --------------------------------------------------------

--
-- Table structure for table `tb_ui_type`
--

CREATE TABLE `tb_ui_type` (
  `i_type` int(10) NOT NULL,
  `s_type_th` varchar(100) NOT NULL,
  `s_type_en` varchar(100) NOT NULL,
  `s_status` varchar(10) NOT NULL
) ENGINE=InnoDB DEFAULT CHARSET=utf8;

--
-- Dumping data for table `tb_ui_type`
--

INSERT INTO `tb_ui_type` (`i_type`, `s_type_th`, `s_type_en`, `s_status`) VALUES
(1, 'วิดีโอ', 'VIDEO', 'A'),
(2, 'รูปภาพเดี่ยว', 'ONE PICTURE', 'A'),
(3, 'รูปภาพคู่', 'TWO PICTURE', 'A');

-- --------------------------------------------------------

--
-- Table structure for table `tb_user`
--

CREATE TABLE `tb_user` (
  `i_user` int(11) NOT NULL,
  `s_user` varchar(50) NOT NULL,
  `s_pass` varchar(50) NOT NULL,
  `s_firstname` varchar(100) NOT NULL,
  `s_lastname` varchar(100) NOT NULL,
  `s_email` varchar(100) NOT NULL,
  `s_phone` varchar(100) NOT NULL,
  `s_line` varchar(50) NOT NULL,
  `s_image` varchar(100) NOT NULL,
  `s_type` varchar(10) NOT NULL,
  `d_create` datetime NOT NULL,
  `d_update` datetime NOT NULL,
  `s_create_by` varchar(50) NOT NULL,
  `s_update_by` varchar(50) NOT NULL,
  `s_status` varchar(1) NOT NULL
) ENGINE=InnoDB DEFAULT CHARSET=utf8;

--
-- Dumping data for table `tb_user`
--

INSERT INTO `tb_user` (`i_user`, `s_user`, `s_pass`, `s_firstname`, `s_lastname`, `s_email`, `s_phone`, `s_line`, `s_image`, `s_type`, `d_create`, `d_update`, `s_create_by`, `s_update_by`, `s_status`) VALUES
(1, 'admin', '1111', 'admin', 'system', 'info@expwebdesign.com', '(111) 111-1111', '@expwebdesign', '201706131906151.jpg', 'A', '2017-06-12 16:39:43', '2017-06-12 16:49:38', 'admin', 'admin', 'A'),
(13, 'sbo03', 'fsdafdsaf', 'test', 'test', 'a@a.com', '(333) 333-3333', 'aasq', 'default.png', 'A', '2017-06-13 23:46:28', '2017-06-13 23:46:51', 'admin', 'admin', 'A');

-- --------------------------------------------------------

--
-- Table structure for table `tb_website`
--

CREATE TABLE `tb_website` (
  `i_web` int(11) NOT NULL,
  `s_website` varchar(100) NOT NULL,
  `d_create` datetime NOT NULL,
  `d_update` datetime NOT NULL,
  `s_create_by` varchar(100) NOT NULL,
  `s_update_by` varchar(100) NOT NULL,
  `s_status` varchar(10) NOT NULL
) ENGINE=InnoDB DEFAULT CHARSET=utf8;

--
-- Dumping data for table `tb_website`
--

INSERT INTO `tb_website` (`i_web`, `s_website`, `d_create`, `d_update`, `s_create_by`, `s_update_by`, `s_status`) VALUES
(1, 'ufa88.com', '0000-00-00 00:00:00', '0000-00-00 00:00:00', 'ADM', 'ADM', 'A'),
(2, 'sbobet888.com', '0000-00-00 00:00:00', '0000-00-00 00:00:00', 'ADM', 'ADM', 'A');

--
-- Indexes for dumped tables
--

--
-- Indexes for table `tb_cs_bank`
--
ALTER TABLE `tb_cs_bank`
  ADD PRIMARY KEY (`i_bank`),
  ADD KEY `index_tb_cs_bank` (`i_ref`,`s_bank_no`,`s_status`);

--
-- Indexes for table `tb_cs_chanel`
--
ALTER TABLE `tb_cs_chanel`
  ADD PRIMARY KEY (`i_chanel`),
  ADD KEY `index_tb_cs_chanel` (`s_status`);

--
-- Indexes for table `tb_cs_contact`
--
ALTER TABLE `tb_cs_contact`
  ADD PRIMARY KEY (`i_id`),
  ADD KEY `index_tb_cs_contact` (`s_status`);

--
-- Indexes for table `tb_cs_dp`
--
ALTER TABLE `tb_cs_dp`
  ADD PRIMARY KEY (`i_dp`),
  ADD KEY `index_tb_cs_dp` (`s_username`,`f_amount`,`i_chanel`,`i_promotion`,`s_status`);

--
-- Indexes for table `tb_cs_excel`
--
ALTER TABLE `tb_cs_excel`
  ADD KEY `index_tb_cs_excel` (`s_user`,`s_type`,`s_date_range`);

--
-- Indexes for table `tb_cs_game`
--
ALTER TABLE `tb_cs_game`
  ADD PRIMARY KEY (`i_game`);

--
-- Indexes for table `tb_cs_promotion`
--
ALTER TABLE `tb_cs_promotion`
  ADD PRIMARY KEY (`i_promotion`),
  ADD KEY `index_tb_cs_promotion` (`s_status`);

--
-- Indexes for table `tb_cs_promotion_rg`
--
ALTER TABLE `tb_cs_promotion_rg`
  ADD PRIMARY KEY (`i_promotion`),
  ADD KEY `index_tb_cs_promotion` (`s_status`);

--
-- Indexes for table `tb_cs_seo`
--
ALTER TABLE `tb_cs_seo`
  ADD PRIMARY KEY (`i_seo`),
  ADD KEY `index_tb_cs_seo` (`s_status`);

--
-- Indexes for table `tb_cs_time`
--
ALTER TABLE `tb_cs_time`
  ADD PRIMARY KEY (`i_time`),
  ADD KEY `index_tb_cs_time` (`s_status`);

--
-- Indexes for table `tb_cs_user`
--
ALTER TABLE `tb_cs_user`
  ADD PRIMARY KEY (`i_user`),
  ADD KEY `index_tb_cs_user` (`i_bank`,`s_username`,`i_seo_by`,`i_contact_time`,`s_status`);

--
-- Indexes for table `tb_cs_user_map`
--
ALTER TABLE `tb_cs_user_map`
  ADD PRIMARY KEY (`id`),
  ADD KEY `index_tb_user_map` (`s_main`,`s_sub`);

--
-- Indexes for table `tb_cs_wd`
--
ALTER TABLE `tb_cs_wd`
  ADD PRIMARY KEY (`i_wd`),
  ADD KEY `index_tb_cs_wd` (`s_username`,`f_amount`,`i_bank`,`s_status`);

--
-- Indexes for table `tb_function`
--
ALTER TABLE `tb_function`
  ADD PRIMARY KEY (`s_function`);

--
-- Indexes for table `tb_license`
--
ALTER TABLE `tb_license`
  ADD PRIMARY KEY (`i_license`);

--
-- Indexes for table `tb_logs`
--
ALTER TABLE `tb_logs`
  ADD PRIMARY KEY (`i_log`),
  ADD KEY `s_type` (`s_type`),
  ADD KEY `d_create` (`d_create`),
  ADD KEY `s_create_by` (`s_create_by`);

--
-- Indexes for table `tb_map_promotion`
--
ALTER TABLE `tb_map_promotion`
  ADD PRIMARY KEY (`i_id`);

--
-- Indexes for table `tb_master_bank`
--
ALTER TABLE `tb_master_bank`
  ADD PRIMARY KEY (`i_bank`),
  ADD KEY `index_tb_master_bank` (`s_status`);

--
-- Indexes for table `tb_media`
--
ALTER TABLE `tb_media`
  ADD PRIMARY KEY (`i_sv_media`);

--
-- Indexes for table `tb_pointion`
--
ALTER TABLE `tb_pointion`
  ADD PRIMARY KEY (`i_pointion`),
  ADD KEY `index_tb_pointion` (`s_app`,`s_status`);

--
-- Indexes for table `tb_ps_email`
--
ALTER TABLE `tb_ps_email`
  ADD PRIMARY KEY (`i_email`),
  ADD KEY `index_tb_ps_email` (`i_send`,`s_status`);

--
-- Indexes for table `tb_ps_img`
--
ALTER TABLE `tb_ps_img`
  ADD PRIMARY KEY (`i_img`),
  ADD KEY `index_tb_ps_img` (`i_pointion`,`i_view`,`i_vote`,`s_status`);

--
-- Indexes for table `tb_ps_news`
--
ALTER TABLE `tb_ps_news`
  ADD PRIMARY KEY (`i_news`),
  ADD KEY `index_tb_ps_news` (`i_pointion`,`i_vote`,`i_view`,`s_status`);

--
-- Indexes for table `tb_ps_popup`
--
ALTER TABLE `tb_ps_popup`
  ADD PRIMARY KEY (`s_key`);

--
-- Indexes for table `tb_ps_video`
--
ALTER TABLE `tb_ps_video`
  ADD PRIMARY KEY (`i_video`),
  ADD KEY `index_tb_ps_video` (`i_pointion`,`i_view`,`i_vote`);

--
-- Indexes for table `tb_ps_youtube`
--
ALTER TABLE `tb_ps_youtube`
  ADD PRIMARY KEY (`s_key`);

--
-- Indexes for table `tb_special_bonus`
--
ALTER TABLE `tb_special_bonus`
  ADD PRIMARY KEY (`i_bonus`);

--
-- Indexes for table `tb_status`
--
ALTER TABLE `tb_status`
  ADD PRIMARY KEY (`s_status`);

--
-- Indexes for table `tb_ui_gallery`
--
ALTER TABLE `tb_ui_gallery`
  ADD PRIMARY KEY (`i_gallery`),
  ADD KEY `i_pointion` (`i_pointion`),
  ADD KEY `i_type` (`i_type`),
  ADD KEY `s_status` (`s_status`),
  ADD KEY `i_sv_media` (`i_sv_media`);

--
-- Indexes for table `tb_ui_img`
--
ALTER TABLE `tb_ui_img`
  ADD PRIMARY KEY (`i_img`),
  ADD KEY `i_pointion` (`i_pointion`),
  ADD KEY `s_status` (`s_status`);

--
-- Indexes for table `tb_ui_media`
--
ALTER TABLE `tb_ui_media`
  ADD PRIMARY KEY (`i_sv_media`),
  ADD KEY `s_status` (`s_status`);

--
-- Indexes for table `tb_ui_slide`
--
ALTER TABLE `tb_ui_slide`
  ADD PRIMARY KEY (`i_slide`),
  ADD KEY `i_pointion` (`i_pointion`),
  ADD KEY `i_type` (`i_type`),
  ADD KEY `s_status` (`s_status`),
  ADD KEY `i_sv_media` (`i_sv_media`);

--
-- Indexes for table `tb_ui_type`
--
ALTER TABLE `tb_ui_type`
  ADD PRIMARY KEY (`i_type`),
  ADD KEY `s_status` (`s_status`);

--
-- Indexes for table `tb_user`
--
ALTER TABLE `tb_user`
  ADD PRIMARY KEY (`i_user`),
  ADD KEY `s_user` (`s_user`),
  ADD KEY `s_email` (`s_email`),
  ADD KEY `s_phone` (`s_phone`),
  ADD KEY `s_type` (`s_type`),
  ADD KEY `s_status` (`s_status`);

--
-- Indexes for table `tb_website`
--
ALTER TABLE `tb_website`
  ADD PRIMARY KEY (`i_web`);

--
-- AUTO_INCREMENT for dumped tables
--

--
-- AUTO_INCREMENT for table `tb_cs_bank`
--
ALTER TABLE `tb_cs_bank`
  MODIFY `i_bank` int(10) NOT NULL AUTO_INCREMENT, AUTO_INCREMENT=9;
--
-- AUTO_INCREMENT for table `tb_cs_chanel`
--
ALTER TABLE `tb_cs_chanel`
  MODIFY `i_chanel` int(10) NOT NULL AUTO_INCREMENT, AUTO_INCREMENT=3;
--
-- AUTO_INCREMENT for table `tb_cs_contact`
--
ALTER TABLE `tb_cs_contact`
  MODIFY `i_id` int(10) NOT NULL AUTO_INCREMENT;
--
-- AUTO_INCREMENT for table `tb_cs_dp`
--
ALTER TABLE `tb_cs_dp`
  MODIFY `i_dp` int(10) NOT NULL AUTO_INCREMENT, AUTO_INCREMENT=2;
--
-- AUTO_INCREMENT for table `tb_cs_game`
--
ALTER TABLE `tb_cs_game`
  MODIFY `i_game` int(11) NOT NULL AUTO_INCREMENT, AUTO_INCREMENT=4;
--
-- AUTO_INCREMENT for table `tb_cs_promotion`
--
ALTER TABLE `tb_cs_promotion`
  MODIFY `i_promotion` int(10) NOT NULL AUTO_INCREMENT, AUTO_INCREMENT=5;
--
-- AUTO_INCREMENT for table `tb_cs_promotion_rg`
--
ALTER TABLE `tb_cs_promotion_rg`
  MODIFY `i_promotion` int(10) NOT NULL AUTO_INCREMENT, AUTO_INCREMENT=4;
--
-- AUTO_INCREMENT for table `tb_cs_seo`
--
ALTER TABLE `tb_cs_seo`
  MODIFY `i_seo` int(10) NOT NULL AUTO_INCREMENT, AUTO_INCREMENT=3;
--
-- AUTO_INCREMENT for table `tb_cs_time`
--
ALTER TABLE `tb_cs_time`
  MODIFY `i_time` int(10) NOT NULL AUTO_INCREMENT, AUTO_INCREMENT=5;
--
-- AUTO_INCREMENT for table `tb_cs_user`
--
ALTER TABLE `tb_cs_user`
  MODIFY `i_user` int(10) NOT NULL AUTO_INCREMENT, AUTO_INCREMENT=2;
--
-- AUTO_INCREMENT for table `tb_cs_user_map`
--
ALTER TABLE `tb_cs_user_map`
  MODIFY `id` int(11) NOT NULL AUTO_INCREMENT;
--
-- AUTO_INCREMENT for table `tb_cs_wd`
--
ALTER TABLE `tb_cs_wd`
  MODIFY `i_wd` int(10) NOT NULL AUTO_INCREMENT, AUTO_INCREMENT=2;
--
-- AUTO_INCREMENT for table `tb_license`
--
ALTER TABLE `tb_license`
  MODIFY `i_license` int(11) NOT NULL AUTO_INCREMENT, AUTO_INCREMENT=11;
--
-- AUTO_INCREMENT for table `tb_logs`
--
ALTER TABLE `tb_logs`
  MODIFY `i_log` int(11) NOT NULL AUTO_INCREMENT, AUTO_INCREMENT=7;
--
-- AUTO_INCREMENT for table `tb_map_promotion`
--
ALTER TABLE `tb_map_promotion`
  MODIFY `i_id` int(11) NOT NULL AUTO_INCREMENT, AUTO_INCREMENT=36;
--
-- AUTO_INCREMENT for table `tb_master_bank`
--
ALTER TABLE `tb_master_bank`
  MODIFY `i_bank` int(11) NOT NULL AUTO_INCREMENT, AUTO_INCREMENT=8;
--
-- AUTO_INCREMENT for table `tb_media`
--
ALTER TABLE `tb_media`
  MODIFY `i_sv_media` int(11) NOT NULL AUTO_INCREMENT, AUTO_INCREMENT=5;
--
-- AUTO_INCREMENT for table `tb_pointion`
--
ALTER TABLE `tb_pointion`
  MODIFY `i_pointion` int(10) NOT NULL AUTO_INCREMENT, AUTO_INCREMENT=6;
--
-- AUTO_INCREMENT for table `tb_ps_email`
--
ALTER TABLE `tb_ps_email`
  MODIFY `i_email` int(10) NOT NULL AUTO_INCREMENT;
--
-- AUTO_INCREMENT for table `tb_ps_img`
--
ALTER TABLE `tb_ps_img`
  MODIFY `i_img` int(10) NOT NULL AUTO_INCREMENT;
--
-- AUTO_INCREMENT for table `tb_ps_news`
--
ALTER TABLE `tb_ps_news`
  MODIFY `i_news` int(10) NOT NULL AUTO_INCREMENT;
--
-- AUTO_INCREMENT for table `tb_ps_video`
--
ALTER TABLE `tb_ps_video`
  MODIFY `i_video` int(10) NOT NULL AUTO_INCREMENT;
--
-- AUTO_INCREMENT for table `tb_special_bonus`
--
ALTER TABLE `tb_special_bonus`
  MODIFY `i_bonus` int(11) NOT NULL AUTO_INCREMENT, AUTO_INCREMENT=5;
--
-- AUTO_INCREMENT for table `tb_ui_gallery`
--
ALTER TABLE `tb_ui_gallery`
  MODIFY `i_gallery` int(10) NOT NULL AUTO_INCREMENT, AUTO_INCREMENT=12;
--
-- AUTO_INCREMENT for table `tb_ui_img`
--
ALTER TABLE `tb_ui_img`
  MODIFY `i_img` int(10) NOT NULL AUTO_INCREMENT;
--
-- AUTO_INCREMENT for table `tb_ui_media`
--
ALTER TABLE `tb_ui_media`
  MODIFY `i_sv_media` int(10) NOT NULL AUTO_INCREMENT, AUTO_INCREMENT=4;
--
-- AUTO_INCREMENT for table `tb_ui_slide`
--
ALTER TABLE `tb_ui_slide`
  MODIFY `i_slide` int(10) NOT NULL AUTO_INCREMENT;
--
-- AUTO_INCREMENT for table `tb_ui_type`
--
ALTER TABLE `tb_ui_type`
  MODIFY `i_type` int(10) NOT NULL AUTO_INCREMENT, AUTO_INCREMENT=4;
--
-- AUTO_INCREMENT for table `tb_user`
--
ALTER TABLE `tb_user`
  MODIFY `i_user` int(11) NOT NULL AUTO_INCREMENT, AUTO_INCREMENT=14;
--
-- AUTO_INCREMENT for table `tb_website`
--
ALTER TABLE `tb_website`
  MODIFY `i_web` int(11) NOT NULL AUTO_INCREMENT, AUTO_INCREMENT=3;
/*!40101 SET CHARACTER_SET_CLIENT=@OLD_CHARACTER_SET_CLIENT */;
/*!40101 SET CHARACTER_SET_RESULTS=@OLD_CHARACTER_SET_RESULTS */;
/*!40101 SET COLLATION_CONNECTION=@OLD_COLLATION_CONNECTION */;
